Column1,Column2,Column3,Column4,Column5
PokedexNum,BaseName,FormName,DisplayName,SpriteURL
1,Bulbasaur,Kanto,Bulbasaur,https://sprites.hecatesrevenge.com/sprites/0001_.png
2,Ivysaur,Kanto,Ivysaur,https://sprites.hecatesrevenge.com/sprites/0002_.png
3,Venusaur,Kanto,Venusaur,https://sprites.hecatesrevenge.com/sprites/0003_.png
4,Charmander,Kanto,Charmander,https://sprites.hecatesrevenge.com/sprites/0004_.png
5,Charmeleon,Kanto,Charmeleon,https://sprites.hecatesrevenge.com/sprites/0005_.png
6,Charizard,Kanto,Charizard,https://sprites.hecatesrevenge.com/sprites/0006_.png
7,Squirtle,Kanto,Squirtle,https://sprites.hecatesrevenge.com/sprites/0007_.png
8,Wartortle,Kanto,Wartortle,https://sprites.hecatesrevenge.com/sprites/0008_.png
9,Blastoise,Kanto,Blastoise,https://sprites.hecatesrevenge.com/sprites/0009_.png
10,Caterpie,Kanto,Caterpie,https://sprites.hecatesrevenge.com/sprites/0010_.png
11,Metapod,Kanto,Metapod,https://sprites.hecatesrevenge.com/sprites/0011_.png
12,Butterfree,Kanto,Butterfree,https://sprites.hecatesrevenge.com/sprites/0012_.png
13,Weedle,Kanto,Weedle,https://sprites.hecatesrevenge.com/sprites/0013_.png
14,Kakuna,Kanto,Kakuna,https://sprites.hecatesrevenge.com/sprites/0014_.png
15,Beedrill,Kanto,Beedrill,https://sprites.hecatesrevenge.com/sprites/0015_.png
16,Pidgey,Kanto,Pidgey,https://sprites.hecatesrevenge.com/sprites/0016_.png
17,Pidgeotto,Kanto,Pidgeotto,https://sprites.hecatesrevenge.com/sprites/0017_.png
18,Pidgeot,Kanto,Pidgeot,https://sprites.hecatesrevenge.com/sprites/0018_.png
19,Rattata,Kanto,Rattata,https://sprites.hecatesrevenge.com/sprites/0019_.png
19,Rattata,Alolan,Alolan Rattata,https://sprites.hecatesrevenge.com/sprites/0019A.png
20,Raticate,Kanto,Raticate,https://sprites.hecatesrevenge.com/sprites/0020_.png
20,Raticate,Alolan,Alolan Raticate,https://sprites.hecatesrevenge.com/sprites/0020A.png
21,Spearow,Kanto,Spearow,https://sprites.hecatesrevenge.com/sprites/0021_.png
22,Fearow,Kanto,Fearow,https://sprites.hecatesrevenge.com/sprites/0022_.png
23,Ekans,Kanto,Ekans,https://sprites.hecatesrevenge.com/sprites/0023_.png
24,Arbok,Kanto,Arbok,https://sprites.hecatesrevenge.com/sprites/0024_.png
25,Pikachu,Kanto,Pikachu,https://sprites.hecatesrevenge.com/sprites/0025_.png
26,Raichu,Kanto,Raichu,https://sprites.hecatesrevenge.com/sprites/0026_.png
26,Raichu,Alolan,Alolan Raichu,https://sprites.hecatesrevenge.com/sprites/0026A.png
27,Sandshrew,Kanto,Sandshrew,https://sprites.hecatesrevenge.com/sprites/0027_.png
27,Sandshrew,Alolan,Alolan Sandshrew,https://sprites.hecatesrevenge.com/sprites/0027A.png
28,Sandslash,Kanto,Sandslash,https://sprites.hecatesrevenge.com/sprites/0028_.png
28,Sandslash,Alolan,Alolan Sandslash,https://sprites.hecatesrevenge.com/sprites/0028A.png
29,Nidoran♀,Kanto,Nidoran♀,https://sprites.hecatesrevenge.com/sprites/0029_.png
30,Nidorina,Kanto,Nidorina,https://sprites.hecatesrevenge.com/sprites/0030_.png
31,Nidoqueen,Kanto,Nidoqueen,https://sprites.hecatesrevenge.com/sprites/0031_.png
32,Nidoran♂,Kanto,Nidoran♂,https://sprites.hecatesrevenge.com/sprites/0032_.png
33,Nidorino,Kanto,Nidorino,https://sprites.hecatesrevenge.com/sprites/0033_.png
34,Nidoking,Kanto,Nidoking,https://sprites.hecatesrevenge.com/sprites/0034_.png
35,Clefairy,Kanto,Clefairy,https://sprites.hecatesrevenge.com/sprites/0035_.png
36,Clefable,Kanto,Clefable,https://sprites.hecatesrevenge.com/sprites/0036_.png
37,Vulpix,Kanto,Vulpix,https://sprites.hecatesrevenge.com/sprites/0037_.png
37,Vulpix,Alolan,Alolan Vulpix,https://sprites.hecatesrevenge.com/sprites/0037A.png
38,Ninetales,Kanto,Ninetales,https://sprites.hecatesrevenge.com/sprites/0038_.png
38,Ninetales,Alolan,Alolan Ninetales,https://sprites.hecatesrevenge.com/sprites/0038A.png
39,Jigglypuff,Kanto,Jigglypuff,https://sprites.hecatesrevenge.com/sprites/0039_.png
40,Wigglytuff,Kanto,Wigglytuff,https://sprites.hecatesrevenge.com/sprites/0040_.png
41,Zubat,Kanto,Zubat,https://sprites.hecatesrevenge.com/sprites/0041_.png
42,Golbat,Kanto,Golbat,https://sprites.hecatesrevenge.com/sprites/0042_.png
43,Oddish,Kanto,Oddish,https://sprites.hecatesrevenge.com/sprites/0043_.png
44,Gloom,Kanto,Gloom,https://sprites.hecatesrevenge.com/sprites/0044_.png
45,Vileplume,Kanto,Vileplume,https://sprites.hecatesrevenge.com/sprites/0045_.png
46,Paras,Kanto,Paras,https://sprites.hecatesrevenge.com/sprites/0046_.png
47,Parasect,Kanto,Parasect,https://sprites.hecatesrevenge.com/sprites/0047_.png
48,Venonat,Kanto,Venonat,https://sprites.hecatesrevenge.com/sprites/0048_.png
49,Venomoth,Kanto,Venomoth,https://sprites.hecatesrevenge.com/sprites/0049_.png
50,Diglett,Kanto,Diglett,https://sprites.hecatesrevenge.com/sprites/0050_.png
50,Diglett,Alolan,Alolan Diglett,https://sprites.hecatesrevenge.com/sprites/0050A.png
51,Dugtrio,Kanto,Dugtrio,https://sprites.hecatesrevenge.com/sprites/0051_.png
51,Dugtrio,Alolan,Alolan Dugtrio,https://sprites.hecatesrevenge.com/sprites/0051A.png
52,Meowth,Kanto,Meowth,https://sprites.hecatesrevenge.com/sprites/0052_.png
52,Meowth,Alolan,Alolan Meowth,https://sprites.hecatesrevenge.com/sprites/0052A.png
52,Meowth,Galarian,Galarian Meowth,https://sprites.hecatesrevenge.com/sprites/0052G.png
53,Persian,Kanto,Persian,https://sprites.hecatesrevenge.com/sprites/0053_.png
53,Persian,Alolan,Alolan Persian,https://sprites.hecatesrevenge.com/sprites/0053A.png
54,Psyduck,Kanto,Psyduck,https://sprites.hecatesrevenge.com/sprites/0054_.png
55,Golduck,Kanto,Golduck,https://sprites.hecatesrevenge.com/sprites/0055_.png
56,Mankey,Kanto,Mankey,https://sprites.hecatesrevenge.com/sprites/0056_.png
57,Primeape,Kanto,Primeape,https://sprites.hecatesrevenge.com/sprites/0057_.png
58,Growlithe,Kanto,Growlithe,https://sprites.hecatesrevenge.com/sprites/0058_.png
58,Growlithe,Hisuian,Hisuian Growlithe,https://sprites.hecatesrevenge.com/sprites/0058H.png
59,Arcanine,Kanto,Arcanine,https://sprites.hecatesrevenge.com/sprites/0059_.png
59,Arcanine,Hisuian,Hisuian Arcanine,https://sprites.hecatesrevenge.com/sprites/0059H.png
60,Poliwag,Kanto,Poliwag,https://sprites.hecatesrevenge.com/sprites/0060_.png
61,Poliwhirl,Kanto,Poliwhirl,https://sprites.hecatesrevenge.com/sprites/0061_.png
62,Poliwrath,Kanto,Poliwrath,https://sprites.hecatesrevenge.com/sprites/0062_.png
63,Abra,Kanto,Abra,https://sprites.hecatesrevenge.com/sprites/0063_.png
64,Kadabra,Kanto,Kadabra,https://sprites.hecatesrevenge.com/sprites/0064_.png
65,Alakazam,Kanto,Alakazam,https://sprites.hecatesrevenge.com/sprites/0065_.png
66,Machop,Kanto,Machop,https://sprites.hecatesrevenge.com/sprites/0066_.png
67,Machoke,Kanto,Machoke,https://sprites.hecatesrevenge.com/sprites/0067_.png
68,Machamp,Kanto,Machamp,https://sprites.hecatesrevenge.com/sprites/0068_.png
69,Bellsprout,Kanto,Bellsprout,https://sprites.hecatesrevenge.com/sprites/0069_.png
70,Weepinbell,Kanto,Weepinbell,https://sprites.hecatesrevenge.com/sprites/0070_.png
71,Victreebel,Kanto,Victreebel,https://sprites.hecatesrevenge.com/sprites/0071_.png
72,Tentacool,Kanto,Tentacool,https://sprites.hecatesrevenge.com/sprites/0072_.png
73,Tentacruel,Kanto,Tentacruel,https://sprites.hecatesrevenge.com/sprites/0073_.png
74,Geodude,Kanto,Geodude,https://sprites.hecatesrevenge.com/sprites/0074_.png
74,Geodude,Alolan,Alolan Geodude,https://sprites.hecatesrevenge.com/sprites/0074A.png
75,Graveler,Kanto,Graveler,https://sprites.hecatesrevenge.com/sprites/0075_.png
75,Graveler,Alolan,Alolan Graveler,https://sprites.hecatesrevenge.com/sprites/0075A.png
76,Golem,Kanto,Golem,https://sprites.hecatesrevenge.com/sprites/0076_.png
76,Golem,Alolan,Alolan Golem,https://sprites.hecatesrevenge.com/sprites/0076A.png
77,Ponyta,Kanto,Ponyta,https://sprites.hecatesrevenge.com/sprites/0077_.png
77,Ponyta,Galarian,Galarian Ponyta,https://sprites.hecatesrevenge.com/sprites/0077G.png
78,Rapidash,Kanto,Rapidash,https://sprites.hecatesrevenge.com/sprites/0078_.png
78,Rapidash,Galarian,Galarian Rapidash,https://sprites.hecatesrevenge.com/sprites/0078G.png
79,Slowpoke,Kanto,Slowpoke,https://sprites.hecatesrevenge.com/sprites/0079_.png
79,Slowpoke,Galarian,Galarian Slowpoke,https://sprites.hecatesrevenge.com/sprites/0079G.png
80,Slowbro,Kanto,Slowbro,https://sprites.hecatesrevenge.com/sprites/0080_.png
80,Slowbro,Galarian,Galarian Slowbro,https://sprites.hecatesrevenge.com/sprites/0080G.png
81,Magnemite,Kanto,Magnemite,https://sprites.hecatesrevenge.com/sprites/0081_.png
82,Magneton,Kanto,Magneton,https://sprites.hecatesrevenge.com/sprites/0082_.png
83,Farfetch'd,Kanto,Farfetch'd,https://sprites.hecatesrevenge.com/sprites/0083_.png
83,Farfetch'd,Galarian,Galarian Farfetch'd,https://sprites.hecatesrevenge.com/sprites/0083G.png
84,Doduo,Kanto,Doduo,https://sprites.hecatesrevenge.com/sprites/0084_.png
85,Dodrio,Kanto,Dodrio,https://sprites.hecatesrevenge.com/sprites/0085_.png
86,Seel,Kanto,Seel,https://sprites.hecatesrevenge.com/sprites/0086_.png
87,Dewgong,Kanto,Dewgong,https://sprites.hecatesrevenge.com/sprites/0087_.png
88,Grimer,Kanto,Grimer,https://sprites.hecatesrevenge.com/sprites/0088_.png
88,Grimer,Alolan,Alolan Grimer,https://sprites.hecatesrevenge.com/sprites/0088A.png
89,Muk,Kanto,Muk,https://sprites.hecatesrevenge.com/sprites/0089_.png
89,Muk,Alolan,Alolan Muk,https://sprites.hecatesrevenge.com/sprites/0089A.png
90,Shellder,Kanto,Shellder,https://sprites.hecatesrevenge.com/sprites/0090_.png
91,Cloyster,Kanto,Cloyster,https://sprites.hecatesrevenge.com/sprites/0091_.png
92,Gastly,Kanto,Gastly,https://sprites.hecatesrevenge.com/sprites/0092_.png
93,Haunter,Kanto,Haunter,https://sprites.hecatesrevenge.com/sprites/0093_.png
94,Gengar,Kanto,Gengar,https://sprites.hecatesrevenge.com/sprites/0094_.png
95,Onix,Kanto,Onix,https://sprites.hecatesrevenge.com/sprites/0095_.png
96,Drowzee,Kanto,Drowzee,https://sprites.hecatesrevenge.com/sprites/0096_.png
97,Hypno,Kanto,Hypno,https://sprites.hecatesrevenge.com/sprites/0097_.png
98,Krabby,Kanto,Krabby,https://sprites.hecatesrevenge.com/sprites/0098_.png
99,Kingler,Kanto,Kingler,https://sprites.hecatesrevenge.com/sprites/0099_.png
100,Voltorb,Kanto,Voltorb,https://sprites.hecatesrevenge.com/sprites/0100_.png
100,Voltorb,Hisuian,Hisuian Voltorb,https://sprites.hecatesrevenge.com/sprites/0100H.png
101,Electrode,Kanto,Electrode,https://sprites.hecatesrevenge.com/sprites/0101_.png
101,Electrode,Hisuian,Hisuian Electrode,https://sprites.hecatesrevenge.com/sprites/0101H.png
102,Exeggcute,Kanto,Exeggcute,https://sprites.hecatesrevenge.com/sprites/0102_.png
103,Exeggutor,Kanto,Exeggutor,https://sprites.hecatesrevenge.com/sprites/0103_.png
103,Exeggutor,Alolan,Alolan Exeggutor,https://sprites.hecatesrevenge.com/sprites/0103A.png
104,Cubone,Kanto,Cubone,https://sprites.hecatesrevenge.com/sprites/0104_.png
105,Marowak,Kanto,Marowak,https://sprites.hecatesrevenge.com/sprites/0105_.png
105,Marowak,Alolan,Alolan Marowak,https://sprites.hecatesrevenge.com/sprites/0105A.png
106,Hitmonlee,Kanto,Hitmonlee,https://sprites.hecatesrevenge.com/sprites/0106_.png
107,Hitmonchan,Kanto,Hitmonchan,https://sprites.hecatesrevenge.com/sprites/0107_.png
108,Lickitung,Kanto,Lickitung,https://sprites.hecatesrevenge.com/sprites/0108_.png
109,Koffing,Kanto,Koffing,https://sprites.hecatesrevenge.com/sprites/0109_.png
110,Weezing,Kanto,Weezing,https://sprites.hecatesrevenge.com/sprites/0110_.png
110,Weezing,Galarian,Galarian Weezing,https://sprites.hecatesrevenge.com/sprites/0110G.png
111,Rhyhorn,Kanto,Rhyhorn,https://sprites.hecatesrevenge.com/sprites/0111_.png
112,Rhydon,Kanto,Rhydon,https://sprites.hecatesrevenge.com/sprites/0112_.png
113,Chansey,Kanto,Chansey,https://sprites.hecatesrevenge.com/sprites/0113_.png
114,Tangela,Kanto,Tangela,https://sprites.hecatesrevenge.com/sprites/0114_.png
115,Kangaskhan,Kanto,Kangaskhan,https://sprites.hecatesrevenge.com/sprites/0115_.png
116,Horsea,Kanto,Horsea,https://sprites.hecatesrevenge.com/sprites/0116_.png
117,Seadra,Kanto,Seadra,https://sprites.hecatesrevenge.com/sprites/0117_.png
118,Goldeen,Kanto,Goldeen,https://sprites.hecatesrevenge.com/sprites/0118_.png
119,Seaking,Kanto,Seaking,https://sprites.hecatesrevenge.com/sprites/0119_.png
120,Staryu,Kanto,Stary,https://sprites.hecatesrevenge.com/sprites/0120_.png
121,Starmie,Kanto,Starmie,https://sprites.hecatesrevenge.com/sprites/0121_.png
122,Mr. Mime,Kanto,Mr. Mime,https://sprites.hecatesrevenge.com/sprites/0122_.png
122,Mr. Mime,Galarian,Galarian Mr. Mime,https://sprites.hecatesrevenge.com/sprites/0122G.png
123,Scyther,Kanto,Scyther,https://sprites.hecatesrevenge.com/sprites/0123_.png
124,Jynx,Kanto,Jynx,https://sprites.hecatesrevenge.com/sprites/0124_.png
125,Electabuzz,Kanto,Electabuzz,https://sprites.hecatesrevenge.com/sprites/0125_.png
126,Magmar,Kanto,Magmar,https://sprites.hecatesrevenge.com/sprites/0126_.png
127,Pinsir,Kanto,Pinsir,https://sprites.hecatesrevenge.com/sprites/0127_.png
128,Tauros,Kanto,Tauros,https://sprites.hecatesrevenge.com/sprites/0128_.png
128,Tauros,Paldean-Combat,Paldean Tauros (Combat),https://sprites.hecatesrevenge.com/sprites/0128P.png
128,Tauros,Paldean-Blaze,Paldean Tauros (Blaze),https://sprites.hecatesrevenge.com/sprites/0128B.png
128,Tauros,Paldean-Aqua,Paldean Tauros (Aqua),https://sprites.hecatesrevenge.com/sprites/0128A.png
129,Magikarp,Kanto,Magikarp,https://sprites.hecatesrevenge.com/sprites/0129_.png
130,Gyarados,Kanto,Gyarados,https://sprites.hecatesrevenge.com/sprites/0130_.png
131,Lapras,Kanto,Lapras,https://sprites.hecatesrevenge.com/sprites/0131_.png
132,Ditto,Kanto,Ditto,https://sprites.hecatesrevenge.com/sprites/0132_.png
133,Eevee,Kanto,Eevee,https://sprites.hecatesrevenge.com/sprites/0133_.png
134,Vaporeon,Kanto,Vaporeon,https://sprites.hecatesrevenge.com/sprites/0134_.png
135,Jolteon,Kanto,Jolteon,https://sprites.hecatesrevenge.com/sprites/0135_.png
136,Flareon,Kanto,Flareon,https://sprites.hecatesrevenge.com/sprites/0136_.png
137,Porygon,Kanto,Porygon,https://sprites.hecatesrevenge.com/sprites/0137_.png
138,Omanyte,Kanto,Omanyte,https://sprites.hecatesrevenge.com/sprites/0138_.png
139,Omastar,Kanto,Omastar,https://sprites.hecatesrevenge.com/sprites/0139_.png
140,Kabuto,Kanto,Kabuto,https://sprites.hecatesrevenge.com/sprites/0140_.png
141,Kabutops,Kanto,Kabutops,https://sprites.hecatesrevenge.com/sprites/0141_.png
142,Aerodactyl,Kanto,Aerodactyl,https://sprites.hecatesrevenge.com/sprites/0142_.png
143,Snorlax,Kanto,Snorlax,https://sprites.hecatesrevenge.com/sprites/0143_.png
144,Articuno,Kanto,Articuno,https://sprites.hecatesrevenge.com/sprites/0144_.png
144,Articuno,Galarian,Galarian Articuno,https://sprites.hecatesrevenge.com/sprites/0144G.png
145,Zapdos,Kanto,Zapdos,https://sprites.hecatesrevenge.com/sprites/0145_.png
145,Zapdos,Galarian,Galarian Zapdos,https://sprites.hecatesrevenge.com/sprites/0145G.png
146,Moltres,Kanto,Moltres,https://sprites.hecatesrevenge.com/sprites/0146_.png
146,Moltres,Galarian,Galarian Moltres,https://sprites.hecatesrevenge.com/sprites/0146G.png
147,Dratini,Kanto,Dratini,https://sprites.hecatesrevenge.com/sprites/0147_.png
148,Dragonair,Kanto,Dragonair,https://sprites.hecatesrevenge.com/sprites/0148_.png
149,Dragonite,Kanto,Dragonite,https://sprites.hecatesrevenge.com/sprites/0149_.png
150,Mewtwo,Kanto,Mewtwo,https://sprites.hecatesrevenge.com/sprites/0150_.png
151,Mew,Kanto,Mew,https://sprites.hecatesrevenge.com/sprites/0151_.png
152,Chikorita,Johto,Chikorita,https://sprites.hecatesrevenge.com/sprites/0152_.png
153,Bayleef,Johto,Bayleef,https://sprites.hecatesrevenge.com/sprites/0153_.png
154,Meganium,Johto,Meganium,https://sprites.hecatesrevenge.com/sprites/0154_.png
155,Cyndaquil,Johto,Cyndaquil,https://sprites.hecatesrevenge.com/sprites/0155_.png
156,Quilava,Johto,Quilava,https://sprites.hecatesrevenge.com/sprites/0156_.png
157,Typhlosion,Johto,Typhlosion,https://sprites.hecatesrevenge.com/sprites/0157_.png
157,Typhlosion,Hisuian,Hisuian Typhlosion,https://sprites.hecatesrevenge.com/sprites/0157H.png
158,Totodile,Johto,Totodile,https://sprites.hecatesrevenge.com/sprites/0158_.png
159,Croconaw,Johto,Croconaw,https://sprites.hecatesrevenge.com/sprites/0159_.png
160,Feraligatr,Johto,Feraligatr,https://sprites.hecatesrevenge.com/sprites/0160_.png
161,Sentret,Johto,Sentret,https://sprites.hecatesrevenge.com/sprites/0161_.png
162,Furret,Johto,Furret,https://sprites.hecatesrevenge.com/sprites/0162_.png
163,Hoothoot,Johto,Hoothoot,https://sprites.hecatesrevenge.com/sprites/0163_.png
164,Noctowl,Johto,Noctowl,https://sprites.hecatesrevenge.com/sprites/0164_.png
165,Ledyba,Johto,Ledyba,https://sprites.hecatesrevenge.com/sprites/0165_.png
166,Ledian,Johto,Ledian,https://sprites.hecatesrevenge.com/sprites/0166_.png
167,Spinarak,Johto,Spinarak,https://sprites.hecatesrevenge.com/sprites/0167_.png
168,Ariados,Johto,Ariados,https://sprites.hecatesrevenge.com/sprites/0168_.png
169,Crobat,Johto,Crobat,https://sprites.hecatesrevenge.com/sprites/0169_.png
170,Chinchou,Johto,Chinchou,https://sprites.hecatesrevenge.com/sprites/0170_.png
171,Lanturn,Johto,Lanturn,https://sprites.hecatesrevenge.com/sprites/0171_.png
172,Pichu,Johto,Pichu,https://sprites.hecatesrevenge.com/sprites/0172_.png
173,Cleffa,Johto,Cleffa,https://sprites.hecatesrevenge.com/sprites/0173_.png
174,Igglybuff,Johto,Igglybuff,https://sprites.hecatesrevenge.com/sprites/0174_.png
175,Togepi,Johto,Togepi,https://sprites.hecatesrevenge.com/sprites/0175_.png
176,Togetic,Johto,Togetic,https://sprites.hecatesrevenge.com/sprites/0176_.png
177,Natu,Johto,Natu,https://sprites.hecatesrevenge.com/sprites/0177_.png
178,Xatu,Johto,Xatu,https://sprites.hecatesrevenge.com/sprites/0178_.png
179,Mareep,Johto,Mareep,https://sprites.hecatesrevenge.com/sprites/0179_.png
180,Flaaffy,Johto,Flaaffy,https://sprites.hecatesrevenge.com/sprites/0180_.png
181,Ampharos,Johto,Ampharos,https://sprites.hecatesrevenge.com/sprites/0181_.png
182,Bellossom,Johto,Bellossom,https://sprites.hecatesrevenge.com/sprites/0182_.png
183,Marill,Johto,Marill,https://sprites.hecatesrevenge.com/sprites/0183_.png
184,Azumarill,Johto,Azumarill,https://sprites.hecatesrevenge.com/sprites/0184_.png
185,Sudowoodo,Johto,Sudowoodo,https://sprites.hecatesrevenge.com/sprites/0185_.png
186,Politoed,Johto,Politoed,https://sprites.hecatesrevenge.com/sprites/0186_.png
187,Hoppip,Johto,Hoppip,https://sprites.hecatesrevenge.com/sprites/0187_.png
188,Skiploom,Johto,Skiploom,https://sprites.hecatesrevenge.com/sprites/0188_.png
189,Jumpluff,Johto,Jumpluff,https://sprites.hecatesrevenge.com/sprites/0189_.png
190,Aipom,Johto,Aipom,https://sprites.hecatesrevenge.com/sprites/0190_.png
191,Sunkern,Johto,Sunkern,https://sprites.hecatesrevenge.com/sprites/0191_.png
192,Sunflora,Johto,Sunflora,https://sprites.hecatesrevenge.com/sprites/0192_.png
193,Yanma,Johto,Yanma,https://sprites.hecatesrevenge.com/sprites/0193_.png
194,Wooper,Johto,Wooper,https://sprites.hecatesrevenge.com/sprites/0194_.png
194,Wooper,Paldean,Paldean Wooper,https://sprites.hecatesrevenge.com/sprites/0194P.png
195,Quagsire,Johto,Quagsire,https://sprites.hecatesrevenge.com/sprites/0195_.png
196,Espeon,Johto,Espeon,https://sprites.hecatesrevenge.com/sprites/0196_.png
197,Umbreon,Johto,Umbreon,https://sprites.hecatesrevenge.com/sprites/0197_.png
198,Murkrow,Johto,Murkrow,https://sprites.hecatesrevenge.com/sprites/0198_.png
199,Slowking,Johto,Slowking,https://sprites.hecatesrevenge.com/sprites/0199_.png
199,Slowking,Galarian,Galarian Slowking,https://sprites.hecatesrevenge.com/sprites/0199G.png
200,Misdreavus,Johto,Misdreavus,https://sprites.hecatesrevenge.com/sprites/0200_.png
201,Unown,A,Unown A,https://sprites.hecatesrevenge.com/sprites/0201A.png
201,Unown,B,Unown B,https://sprites.hecatesrevenge.com/sprites/0201B.png
201,Unown,C,Unown C,https://sprites.hecatesrevenge.com/sprites/0201C.png
201,Unown,D,Unown D,https://sprites.hecatesrevenge.com/sprites/0201D.png
201,Unown,E,Unown E,https://sprites.hecatesrevenge.com/sprites/0201E.png
201,Unown,F,Unown F,https://sprites.hecatesrevenge.com/sprites/0201F.png
201,Unown,G,Unown G,https://sprites.hecatesrevenge.com/sprites/0201G.png
201,Unown,H,Unown H,https://sprites.hecatesrevenge.com/sprites/0201H.png
201,Unown,I,Unown I,https://sprites.hecatesrevenge.com/sprites/0201I.png
201,Unown,J,Unown J,https://sprites.hecatesrevenge.com/sprites/0201J.png
201,Unown,K,Unown K,https://sprites.hecatesrevenge.com/sprites/0201K.png
201,Unown,L,Unown L,https://sprites.hecatesrevenge.com/sprites/0201L.png
201,Unown,M,Unown M,https://sprites.hecatesrevenge.com/sprites/0201M.png
201,Unown,N,Unown N,https://sprites.hecatesrevenge.com/sprites/0201N.png
201,Unown,O,Unown O,https://sprites.hecatesrevenge.com/sprites/0201O.png
201,Unown,P,Unown P,https://sprites.hecatesrevenge.com/sprites/0201P.png
201,Unown,Q,Unown Q,https://sprites.hecatesrevenge.com/sprites/0201Q.png
201,Unown,R,Unown R,https://sprites.hecatesrevenge.com/sprites/0201R.png
201,Unown,S,Unown S,https://sprites.hecatesrevenge.com/sprites/0201S.png
201,Unown,T,Unown T,https://sprites.hecatesrevenge.com/sprites/0201T.png
201,Unown,U,Unown U,https://sprites.hecatesrevenge.com/sprites/0201U.png
201,Unown,V,Unown V,https://sprites.hecatesrevenge.com/sprites/0201V.png
201,Unown,W,Unown W,https://sprites.hecatesrevenge.com/sprites/0201W.png
201,Unown,X,Unown X,https://sprites.hecatesrevenge.com/sprites/0201X.png
201,Unown,Y,Unown Y,https://sprites.hecatesrevenge.com/sprites/0201Y.png
201,Unown,Z,Unown Z,https://sprites.hecatesrevenge.com/sprites/0201Z.png
201,Unown,Exclamation,Unown !,https://sprites.hecatesrevenge.com/sprites/02010.png
201,Unown,Question,Unown ?,https://sprites.hecatesrevenge.com/sprites/02011.png
202,Wobbuffet,Johto,Wobbuffet,https://sprites.hecatesrevenge.com/sprites/0202_.png
203,Girafarig,Johto,Girafarig,https://sprites.hecatesrevenge.com/sprites/0203_.png
204,Pineco,Johto,Pineco,https://sprites.hecatesrevenge.com/sprites/0204_.png
205,Forretress,Johto,Forretress,https://sprites.hecatesrevenge.com/sprites/0205_.png
206,Dunsparce,Johto,Dunsparce,https://sprites.hecatesrevenge.com/sprites/0206_.png
207,Gligar,Johto,Gligar,https://sprites.hecatesrevenge.com/sprites/0207_.png
208,Steelix,Johto,Steelix,https://sprites.hecatesrevenge.com/sprites/0208_.png
209,Snubbull,Johto,Snubbull,https://sprites.hecatesrevenge.com/sprites/0209_.png
210,Granbull,Johto,Granbull,https://sprites.hecatesrevenge.com/sprites/0210_.png
211,Qwilfish,Johto,Qwilfish,https://sprites.hecatesrevenge.com/sprites/0211_.png
211,Qwilfish,Hisuian,Hisuian Qwilfish,https://sprites.hecatesrevenge.com/sprites/0211H.png
212,Scizor,Johto,Scizor,https://sprites.hecatesrevenge.com/sprites/0212_.png
213,Shuckle,Johto,Shuckle,https://sprites.hecatesrevenge.com/sprites/0213_.png
214,Heracross,Johto,Heracross,https://sprites.hecatesrevenge.com/sprites/0214_.png
215,Sneasel,Johto,Sneasel,https://sprites.hecatesrevenge.com/sprites/0215_.png
215,Sneasel,Hisuian,Hisuian Sneasel,https://sprites.hecatesrevenge.com/sprites/0215H.png
216,Teddiursa,Johto,Teddiursa,https://sprites.hecatesrevenge.com/sprites/0216_.png
217,Ursaring,Johto,Ursaring,https://sprites.hecatesrevenge.com/sprites/0217_.png
218,Slugma,Johto,Slugma,https://sprites.hecatesrevenge.com/sprites/0218_.png
219,Magcargo,Johto,Magcargo,https://sprites.hecatesrevenge.com/sprites/0219_.png
220,Swinub,Johto,Swinub,https://sprites.hecatesrevenge.com/sprites/0220_.png
221,Piloswine,Johto,Piloswine,https://sprites.hecatesrevenge.com/sprites/0221_.png
222,Corsola,Johto,Corsola,https://sprites.hecatesrevenge.com/sprites/0222_.png
222,Corsola,Galarian,Galarian Corsola,https://sprites.hecatesrevenge.com/sprites/0222G.png
223,Remoraid,Johto,Remoraid,https://sprites.hecatesrevenge.com/sprites/0223_.png
224,Octillery,Johto,Octillery,https://sprites.hecatesrevenge.com/sprites/0224_.png
225,Delibird,Johto,Delibird,https://sprites.hecatesrevenge.com/sprites/0225_.png
226,Mantine,Johto,Mantine,https://sprites.hecatesrevenge.com/sprites/0226_.png
227,Skarmory,Johto,Skarmory,https://sprites.hecatesrevenge.com/sprites/0227_.png
228,Houndour,Johto,Houndour,https://sprites.hecatesrevenge.com/sprites/0228_.png
229,Houndoom,Johto,Houndoom,https://sprites.hecatesrevenge.com/sprites/0229_.png
230,Kingdra,Johto,Kingdra,https://sprites.hecatesrevenge.com/sprites/0230_.png
231,Phanpy,Johto,Phanpy,https://sprites.hecatesrevenge.com/sprites/0231_.png
232,Donphan,Johto,Donphan,https://sprites.hecatesrevenge.com/sprites/0232_.png
233,Porygon2,Johto,Porygon2,https://sprites.hecatesrevenge.com/sprites/0233_.png
234,Stantler,Johto,Stantler,https://sprites.hecatesrevenge.com/sprites/0234_.png
235,Smeargle,Johto,Smeargle,https://sprites.hecatesrevenge.com/sprites/0235_.png
236,Tyrogue,Johto,Tyrogue,https://sprites.hecatesrevenge.com/sprites/0236_.png
237,Hitmontop,Johto,Hitmontop,https://sprites.hecatesrevenge.com/sprites/0237_.png
238,Smoochum,Johto,Smoochum,https://sprites.hecatesrevenge.com/sprites/0238_.png
239,Elekid,Johto,Elekid,https://sprites.hecatesrevenge.com/sprites/0239_.png
240,Magby,Johto,Magby,https://sprites.hecatesrevenge.com/sprites/0240_.png
241,Miltank,Johto,Miltank,https://sprites.hecatesrevenge.com/sprites/0241_.png
242,Blissey,Johto,Blissey,https://sprites.hecatesrevenge.com/sprites/0242_.png
243,Raikou,Johto,Raikou,https://sprites.hecatesrevenge.com/sprites/0243_.png
244,Entei,Johto,Entei,https://sprites.hecatesrevenge.com/sprites/0244_.png
245,Suicune,Johto,Suicune,https://sprites.hecatesrevenge.com/sprites/0245_.png
246,Larvitar,Johto,Larvitar,https://sprites.hecatesrevenge.com/sprites/0246_.png
247,Pupitar,Johto,Pupitar,https://sprites.hecatesrevenge.com/sprites/0247_.png
248,Tyranitar,Johto,Tyranitar,https://sprites.hecatesrevenge.com/sprites/0248_.png
249,Lugia,Johto,Lugia,https://sprites.hecatesrevenge.com/sprites/0249_.png
250,Ho-Oh,Johto,Ho-Oh,https://sprites.hecatesrevenge.com/sprites/0250_.png
251,Celebi,Johto,Celebi,https://sprites.hecatesrevenge.com/sprites/0251_.png
252,Treecko,Hoenn,Treecko,https://sprites.hecatesrevenge.com/sprites/0252_.png
253,Grovyle,Hoenn,Grovyle,https://sprites.hecatesrevenge.com/sprites/0253_.png
254,Sceptile,Hoenn,Sceptile,https://sprites.hecatesrevenge.com/sprites/0254_.png
255,Torchic,Hoenn,Torchic,https://sprites.hecatesrevenge.com/sprites/0255_.png
256,Combusken,Hoenn,Combusken,https://sprites.hecatesrevenge.com/sprites/0256_.png
257,Blaziken,Hoenn,Blaziken,https://sprites.hecatesrevenge.com/sprites/0257_.png
258,Mudkip,Hoenn,Mudkip,https://sprites.hecatesrevenge.com/sprites/0258_.png
259,Marshtomp,Hoenn,Marshtomp,https://sprites.hecatesrevenge.com/sprites/0259_.png
260,Swampert,Hoenn,Swampert,https://sprites.hecatesrevenge.com/sprites/0260_.png
261,Poochyena,Hoenn,Poochyena,https://sprites.hecatesrevenge.com/sprites/0261_.png
262,Mightyena,Hoenn,Mightyena,https://sprites.hecatesrevenge.com/sprites/0262_.png
265,Wurmple,Hoenn,Wurmple,https://sprites.hecatesrevenge.com/sprites/0265_.png
266,Silcoon,Hoenn,Silcoon,https://sprites.hecatesrevenge.com/sprites/0266_.png
267,Beautifly,Hoenn,Beautifly,https://sprites.hecatesrevenge.com/sprites/0267_.png
268,Cascoon,Hoenn,Cascoon,https://sprites.hecatesrevenge.com/sprites/0268_.png
269,Dustox,Hoenn,Dustox,https://sprites.hecatesrevenge.com/sprites/0269_.png
270,Lotad,Hoenn,Lotad,https://sprites.hecatesrevenge.com/sprites/0270_.png
271,Lombre,Hoenn,Lombre,https://sprites.hecatesrevenge.com/sprites/0271_.png
272,Ludicolo,Hoenn,Ludicolo,https://sprites.hecatesrevenge.com/sprites/0272_.png
273,Seedot,Hoenn,Seedot,https://sprites.hecatesrevenge.com/sprites/0273_.png
274,Nuzleaf,Hoenn,Nuzleaf,https://sprites.hecatesrevenge.com/sprites/0274_.png
275,Shiftry,Hoenn,Shiftry,https://sprites.hecatesrevenge.com/sprites/0275_.png
276,Taillow,Hoenn,Taillow,https://sprites.hecatesrevenge.com/sprites/0276_.png
277,Swellow,Hoenn,Swellow,https://sprites.hecatesrevenge.com/sprites/0277_.png
278,Wingull,Hoenn,Wingull,https://sprites.hecatesrevenge.com/sprites/0278_.png
279,Pelipper,Hoenn,Pelipper,https://sprites.hecatesrevenge.com/sprites/0279_.png
280,Ralts,Hoenn,Ralts,https://sprites.hecatesrevenge.com/sprites/0280_.png
281,Kirlia,Hoenn,Kirlia,https://sprites.hecatesrevenge.com/sprites/0281_.png
282,Gardevoir,Hoenn,Gardevoir,https://sprites.hecatesrevenge.com/sprites/0282_.png
283,Surskit,Hoenn,Surskit,https://sprites.hecatesrevenge.com/sprites/0283_.png
284,Masquerain,Hoenn,Masquerain,https://sprites.hecatesrevenge.com/sprites/0284_.png
285,Shroomish,Hoenn,Shroomish,https://sprites.hecatesrevenge.com/sprites/0285_.png
286,Breloom,Hoenn,Breloom,https://sprites.hecatesrevenge.com/sprites/0286_.png
287,Slakoth,Hoenn,Slakoth,https://sprites.hecatesrevenge.com/sprites/0287_.png
288,Vigoroth,Hoenn,Vigoroth,https://sprites.hecatesrevenge.com/sprites/0288_.png
289,Slaking,Hoenn,Slaking,https://sprites.hecatesrevenge.com/sprites/0289_.png
290,Nincada,Hoenn,Nincada,https://sprites.hecatesrevenge.com/sprites/0290_.png
291,Ninjask,Hoenn,Ninjask,https://sprites.hecatesrevenge.com/sprites/0291_.png
292,Shedinja,Hoenn,Shedinja,https://sprites.hecatesrevenge.com/sprites/0292_.png
293,Whismur,Hoenn,Whismur,https://sprites.hecatesrevenge.com/sprites/0293_.png
294,Loudred,Hoenn,Loudred,https://sprites.hecatesrevenge.com/sprites/0294_.png
295,Exploud,Hoenn,Exploud,https://sprites.hecatesrevenge.com/sprites/0295_.png
296,Makuhita,Hoenn,Makuhita,https://sprites.hecatesrevenge.com/sprites/0296_.png
297,Hariyama,Hoenn,Hariyama,https://sprites.hecatesrevenge.com/sprites/0297_.png
298,Azurill,Hoenn,Azurill,https://sprites.hecatesrevenge.com/sprites/0298_.png
299,Nosepass,Hoenn,Nosepass,https://sprites.hecatesrevenge.com/sprites/0299_.png
300,Skitty,Hoenn,Skitty,https://sprites.hecatesrevenge.com/sprites/0300_.png
301,Delcatty,Hoenn,Delcatty,https://sprites.hecatesrevenge.com/sprites/0301_.png
302,Sableye,Hoenn,Sableye,https://sprites.hecatesrevenge.com/sprites/0302_.png
303,Mawile,Hoenn,Mawile,https://sprites.hecatesrevenge.com/sprites/0303_.png
304,Aron,Hoenn,Aron,https://sprites.hecatesrevenge.com/sprites/0304_.png
305,Lairon,Hoenn,Lairon,https://sprites.hecatesrevenge.com/sprites/0305_.png
306,Aggron,Hoenn,Aggron,https://sprites.hecatesrevenge.com/sprites/0306_.png
307,Meditite,Hoenn,Meditite,https://sprites.hecatesrevenge.com/sprites/0307_.png
308,Medicham,Hoenn,Medicham,https://sprites.hecatesrevenge.com/sprites/0308_.png
309,Electrike,Hoenn,Electrike,https://sprites.hecatesrevenge.com/sprites/0309_.png
310,Manectric,Hoenn,Manectric,https://sprites.hecatesrevenge.com/sprites/0310_.png
311,Plusle,Hoenn,Plusle,https://sprites.hecatesrevenge.com/sprites/0311_.png
312,Minun,Hoenn,Minun,https://sprites.hecatesrevenge.com/sprites/0312_.png
313,Volbeat,Hoenn,Volbeat,https://sprites.hecatesrevenge.com/sprites/0313_.png
314,Illumise,Hoenn,Illumise,https://sprites.hecatesrevenge.com/sprites/0314_.png
315,Roselia,Hoenn,Roselia,https://sprites.hecatesrevenge.com/sprites/0315_.png
316,Gulpin,Hoenn,Gulpin,https://sprites.hecatesrevenge.com/sprites/0316_.png
317,Swalot,Hoenn,Swalot,https://sprites.hecatesrevenge.com/sprites/0317_.png
318,Carvanha,Hoenn,Carvanha,https://sprites.hecatesrevenge.com/sprites/0318_.png
319,Sharpedo,Hoenn,Sharpedo,https://sprites.hecatesrevenge.com/sprites/0319_.png
320,Wailmer,Hoenn,Wailmer,https://sprites.hecatesrevenge.com/sprites/0320_.png
321,Wailord,Hoenn,Wailord,https://sprites.hecatesrevenge.com/sprites/0321_.png
322,Numel,Hoenn,Numel,https://sprites.hecatesrevenge.com/sprites/0322_.png
323,Camerupt,Hoenn,Camerupt,https://sprites.hecatesrevenge.com/sprites/0323_.png
324,Torkoal,Hoenn,Torkoal,https://sprites.hecatesrevenge.com/sprites/0324_.png
325,Spoink,Hoenn,Spoink,https://sprites.hecatesrevenge.com/sprites/0325_.png
326,Grumpig,Hoenn,Grumpig,https://sprites.hecatesrevenge.com/sprites/0326_.png
327,Spinda,Hoenn,Spinda,https://sprites.hecatesrevenge.com/sprites/0327_.png
328,Trapinch,Hoenn,Trapinch,https://sprites.hecatesrevenge.com/sprites/0328_.png
329,Vibrava,Hoenn,Vibrava,https://sprites.hecatesrevenge.com/sprites/0329_.png
330,Flygon,Hoenn,Flygon,https://sprites.hecatesrevenge.com/sprites/0330_.png
331,Cacnea,Hoenn,Cacnea,https://sprites.hecatesrevenge.com/sprites/0331_.png
332,Cacturne,Hoenn,Cacturne,https://sprites.hecatesrevenge.com/sprites/0332_.png
333,Swablu,Hoenn,Swablu,https://sprites.hecatesrevenge.com/sprites/0333_.png
334,Altaria,Hoenn,Altaria,https://sprites.hecatesrevenge.com/sprites/0334_.png
335,Zangoose,Hoenn,Zangoose,https://sprites.hecatesrevenge.com/sprites/0335_.png
336,Seviper,Hoenn,Seviper,https://sprites.hecatesrevenge.com/sprites/0336_.png
337,Lunatone,Hoenn,Lunatone,https://sprites.hecatesrevenge.com/sprites/0337_.png
338,Solrock,Hoenn,Solrock,https://sprites.hecatesrevenge.com/sprites/0338_.png
339,Barboach,Hoenn,Barboach,https://sprites.hecatesrevenge.com/sprites/0339_.png
340,Whiscash,Hoenn,Whiscash,https://sprites.hecatesrevenge.com/sprites/0340_.png
341,Corphish,Hoenn,Corphish,https://sprites.hecatesrevenge.com/sprites/0341_.png
342,Crawdaunt,Hoenn,Crawdaunt,https://sprites.hecatesrevenge.com/sprites/0342_.png
343,Baltoy,Hoenn,Baltoy,https://sprites.hecatesrevenge.com/sprites/0343_.png
344,Claydol,Hoenn,Claydol,https://sprites.hecatesrevenge.com/sprites/0344_.png
345,Lileep,Hoenn,Lileep,https://sprites.hecatesrevenge.com/sprites/0345_.png
346,Cradily,Hoenn,Cradily,https://sprites.hecatesrevenge.com/sprites/0346_.png
347,Anorith,Hoenn,Anorith,https://sprites.hecatesrevenge.com/sprites/0347_.png
348,Armaldo,Hoenn,Armaldo,https://sprites.hecatesrevenge.com/sprites/0348_.png
349,Feebas,Hoenn,Feebas,https://sprites.hecatesrevenge.com/sprites/0349_.png
350,Milotic,Hoenn,Milotic,https://sprites.hecatesrevenge.com/sprites/0350_.png
352,Kecleon,Hoenn,Kecleon,https://sprites.hecatesrevenge.com/sprites/0352_.png
353,Shuppet,Hoenn,Shuppet,https://sprites.hecatesrevenge.com/sprites/0353_.png
354,Banette,Hoenn,Banette,https://sprites.hecatesrevenge.com/sprites/0354_.png
355,Duskull,Hoenn,Duskull,https://sprites.hecatesrevenge.com/sprites/0355_.png
356,Dusclops,Hoenn,Dusclops,https://sprites.hecatesrevenge.com/sprites/0356_.png
357,Tropius,Hoenn,Tropius,https://sprites.hecatesrevenge.com/sprites/0357_.png
358,Chimecho,Hoenn,Chimecho,https://sprites.hecatesrevenge.com/sprites/0358_.png
359,Absol,Hoenn,Absol,https://sprites.hecatesrevenge.com/sprites/0359_.png
360,Wynaut,Hoenn,Wynaut,https://sprites.hecatesrevenge.com/sprites/0360_.png
361,Snorunt,Hoenn,Snorunt,https://sprites.hecatesrevenge.com/sprites/0361_.png
362,Glalie,Hoenn,Glalie,https://sprites.hecatesrevenge.com/sprites/0362_.png
363,Spheal,Hoenn,Spheal,https://sprites.hecatesrevenge.com/sprites/0363_.png
364,Sealeo,Hoenn,Sealeo,https://sprites.hecatesrevenge.com/sprites/0364_.png
365,Walrein,Hoenn,Walrein,https://sprites.hecatesrevenge.com/sprites/0365_.png
366,Clamperl,Hoenn,Clamperl,https://sprites.hecatesrevenge.com/sprites/0366_.png
367,Huntail,Hoenn,Huntail,https://sprites.hecatesrevenge.com/sprites/0367_.png
368,Gorebyss,Hoenn,Gorebyss,https://sprites.hecatesrevenge.com/sprites/0368_.png
369,Relicanth,Hoenn,Relicanth,https://sprites.hecatesrevenge.com/sprites/0369_.png
370,Luvdisc,Hoenn,Luvdisc,https://sprites.hecatesrevenge.com/sprites/0370_.png
371,Bagon,Hoenn,Bagon,https://sprites.hecatesrevenge.com/sprites/0371_.png
372,Shelgon,Hoenn,Shelgon,https://sprites.hecatesrevenge.com/sprites/0372_.png
373,Salamence,Hoenn,Salamence,https://sprites.hecatesrevenge.com/sprites/0373_.png
374,Beldum,Hoenn,Beldum,https://sprites.hecatesrevenge.com/sprites/0374_.png
375,Metang,Hoenn,Metang,https://sprites.hecatesrevenge.com/sprites/0375_.png
376,Metagross,Hoenn,Metagross,https://sprites.hecatesrevenge.com/sprites/0376_.png
377,Regirock,Hoenn,Regirock,https://sprites.hecatesrevenge.com/sprites/0377_.png
378,Regice,Hoenn,Regice,https://sprites.hecatesrevenge.com/sprites/0378_.png
379,Registeel,Hoenn,Registeel,https://sprites.hecatesrevenge.com/sprites/0379_.png
380,Latias,Hoenn,Latias,https://sprites.hecatesrevenge.com/sprites/0380_.png
381,Latios,Hoenn,Latios,https://sprites.hecatesrevenge.com/sprites/0381_.png
382,Kyogre,Hoenn,Kyogre,https://sprites.hecatesrevenge.com/sprites/0382_.png
383,Groudon,Hoenn,Groudon,https://sprites.hecatesrevenge.com/sprites/0383_.png
384,Rayquaza,Hoenn,Rayquaza,https://sprites.hecatesrevenge.com/sprites/0384_.png
385,Jirachi,Hoenn,Jirachi,https://sprites.hecatesrevenge.com/sprites/0385_.png
386,Deoxys,Normal,Deoxys Normal,https://sprites.hecatesrevenge.com/sprites/0386_.png
386,Deoxys,Attack,Deoxys Attack,https://sprites.hecatesrevenge.com/sprites/0386A.png
386,Deoxys,Defense,Deoxys Defense,https://sprites.hecatesrevenge.com/sprites/0386D.png
386,Deoxys,Speed,Deoxys Speed,https://sprites.hecatesrevenge.com/sprites/0386E.png
387,Turtwig,Sinnoh,Turtwig,https://sprites.hecatesrevenge.com/sprites/0387_.png
388,Grotle,Sinnoh,Grotle,https://sprites.hecatesrevenge.com/sprites/0388_.png
389,Torterra,Sinnoh,Torterra,https://sprites.hecatesrevenge.com/sprites/0389_.png
390,Chimchar,Sinnoh,Chimchar,https://sprites.hecatesrevenge.com/sprites/0390_.png
391,Monferno,Sinnoh,Monferno,https://sprites.hecatesrevenge.com/sprites/0391_.png
392,Infernape,Sinnoh,Infernape,https://sprites.hecatesrevenge.com/sprites/0392_.png
393,Piplup,Sinnoh,Piplup,https://sprites.hecatesrevenge.com/sprites/0393_.png
394,Prinplup,Sinnoh,Prinplup,https://sprites.hecatesrevenge.com/sprites/0394_.png
395,Empoleon,Sinnoh,Empoleon,https://sprites.hecatesrevenge.com/sprites/0395_.png
396,Starly,Sinnoh,Starly,https://sprites.hecatesrevenge.com/sprites/0396_.png
397,Staravia,Sinnoh,Staravia,https://sprites.hecatesrevenge.com/sprites/0397_.png
398,Staraptor,Sinnoh,Staraptor,https://sprites.hecatesrevenge.com/sprites/0398_.png
399,Bidoof,Sinnoh,Bidoof,https://sprites.hecatesrevenge.com/sprites/0399_.png
400,Bibarel,Sinnoh,Bibarel,https://sprites.hecatesrevenge.com/sprites/0400_.png
401,Kricketot,Sinnoh,Kricketot,https://sprites.hecatesrevenge.com/sprites/0401_.png
402,Kricketune,Sinnoh,Kricketune,https://sprites.hecatesrevenge.com/sprites/0402_.png
403,Shinx,Sinnoh,Shinx,https://sprites.hecatesrevenge.com/sprites/0403_.png
404,Luxio,Sinnoh,Luxio,https://sprites.hecatesrevenge.com/sprites/0404_.png
405,Luxray,Sinnoh,Luxray,https://sprites.hecatesrevenge.com/sprites/0405_.png
406,Budew,Sinnoh,Budew,https://sprites.hecatesrevenge.com/sprites/0406_.png
407,Roserade,Sinnoh,Roserade,https://sprites.hecatesrevenge.com/sprites/0407_.png
408,Cranidos,Sinnoh,Cranidos,https://sprites.hecatesrevenge.com/sprites/0408_.png
409,Rampardos,Sinnoh,Rampardos,https://sprites.hecatesrevenge.com/sprites/0409_.png
410,Shieldon,Sinnoh,Shieldon,https://sprites.hecatesrevenge.com/sprites/0410_.png
411,Bastiodon,Sinnoh,Bastiodon,https://sprites.hecatesrevenge.com/sprites/0411_.png
414,Mothim,Sinnoh,Mothim,https://sprites.hecatesrevenge.com/sprites/0414_.png
415,Combee,Sinnoh,Combee,https://sprites.hecatesrevenge.com/sprites/0415_.png
416,Vespiquen,Sinnoh,Vespiquen,https://sprites.hecatesrevenge.com/sprites/0416_.png
417,Pachirisu,Sinnoh,Pachirisu,https://sprites.hecatesrevenge.com/sprites/0417_.png
418,Buizel,Sinnoh,Buizel,https://sprites.hecatesrevenge.com/sprites/0418_.png
419,Floatzel,Sinnoh,Floatzel,https://sprites.hecatesrevenge.com/sprites/0419_.png
420,Cherubi,Sinnoh,Cherubi,https://sprites.hecatesrevenge.com/sprites/0420_.png
421,Cherrim,Overcast,Cherrim Overcast,https://sprites.hecatesrevenge.com/sprites/0421_.png
421,Cherrim,Sunshine,Cherrim Sunshine,https://sprites.hecatesrevenge.com/sprites/0421S.png
424,Ambipom,Sinnoh,Ambipom,https://sprites.hecatesrevenge.com/sprites/0424_.png
425,Drifloon,Sinnoh,Drifloon,https://sprites.hecatesrevenge.com/sprites/0425_.png
426,Drifblim,Sinnoh,Drifblim,https://sprites.hecatesrevenge.com/sprites/0426_.png
427,Buneary,Sinnoh,Buneary,https://sprites.hecatesrevenge.com/sprites/0427_.png
428,Lopunny,Sinnoh,Lopunny,https://sprites.hecatesrevenge.com/sprites/0428_.png
429,Mismagius,Sinnoh,Mismagius,https://sprites.hecatesrevenge.com/sprites/0429_.png
430,Honchkrow,Sinnoh,Honchkrow,https://sprites.hecatesrevenge.com/sprites/0430_.png
431,Glameow,Sinnoh,Glameow,https://sprites.hecatesrevenge.com/sprites/0431_.png
432,Purugly,Sinnoh,Purugly,https://sprites.hecatesrevenge.com/sprites/0432_.png
433,Chingling,Sinnoh,Chingling,https://sprites.hecatesrevenge.com/sprites/0433_.png
434,Stunky,Sinnoh,Stunky,https://sprites.hecatesrevenge.com/sprites/0434_.png
435,Skuntank,Sinnoh,Skuntank,https://sprites.hecatesrevenge.com/sprites/0435_.png
436,Bronzor,Sinnoh,Bronzor,https://sprites.hecatesrevenge.com/sprites/0436_.png
437,Bronzong,Sinnoh,Bronzong,https://sprites.hecatesrevenge.com/sprites/0437_.png
438,Bonsly,Sinnoh,Bonsly,https://sprites.hecatesrevenge.com/sprites/0438_.png
439,Mime Jr.,Sinnoh,Mime Jr.,https://sprites.hecatesrevenge.com/sprites/0439_.png
440,Happiny,Sinnoh,Happiny,https://sprites.hecatesrevenge.com/sprites/0440_.png
441,Chatot,Sinnoh,Chatot,https://sprites.hecatesrevenge.com/sprites/0441_.png
442,Spiritomb,Sinnoh,Spiritomb,https://sprites.hecatesrevenge.com/sprites/0442_.png
443,Gible,Sinnoh,Gible,https://sprites.hecatesrevenge.com/sprites/0443_.png
444,Gabite,Sinnoh,Gabite,https://sprites.hecatesrevenge.com/sprites/0444_.png
445,Garchomp,Sinnoh,Garchomp,https://sprites.hecatesrevenge.com/sprites/0445_.png
446,Munchlax,Sinnoh,Munchlax,https://sprites.hecatesrevenge.com/sprites/0446_.png
447,Riolu,Sinnoh,Riolu,https://sprites.hecatesrevenge.com/sprites/0447_.png
448,Lucario,Sinnoh,Lucario,https://sprites.hecatesrevenge.com/sprites/0448_.png
449,Hippopotas,Sinnoh,Hippopotas,https://sprites.hecatesrevenge.com/sprites/0449_.png
450,Hippowdon,Sinnoh,Hippowdon,https://sprites.hecatesrevenge.com/sprites/0450_.png
451,Skorupi,Sinnoh,Skorupi,https://sprites.hecatesrevenge.com/sprites/0451_.png
452,Drapion,Sinnoh,Drapion,https://sprites.hecatesrevenge.com/sprites/0452_.png
453,Croagunk,Sinnoh,Croagunk,https://sprites.hecatesrevenge.com/sprites/0453_.png
454,Toxicroak,Sinnoh,Toxicroak,https://sprites.hecatesrevenge.com/sprites/0454_.png
455,Carnivine,Sinnoh,Carnivine,https://sprites.hecatesrevenge.com/sprites/0455_.png
456,Finneon,Sinnoh,Finneon,https://sprites.hecatesrevenge.com/sprites/0456_.png
457,Lumineon,Sinnoh,Lumineon,https://sprites.hecatesrevenge.com/sprites/0457_.png
458,Mantyke,Sinnoh,Mantyke,https://sprites.hecatesrevenge.com/sprites/0458_.png
459,Snover,Sinnoh,Snover,https://sprites.hecatesrevenge.com/sprites/0459_.png
460,Abomasnow,Sinnoh,Abomasnow,https://sprites.hecatesrevenge.com/sprites/0460_.png
461,Weavile,Sinnoh,Weavile,https://sprites.hecatesrevenge.com/sprites/0461_.png
462,Magnezone,Sinnoh,Magnezone,https://sprites.hecatesrevenge.com/sprites/0462_.png
463,Lickilicky,Sinnoh,Lickilicky,https://sprites.hecatesrevenge.com/sprites/0463_.png
464,Rhyperior,Sinnoh,Rhyperior,https://sprites.hecatesrevenge.com/sprites/0464_.png
465,Tangrowth,Sinnoh,Tangrowth,https://sprites.hecatesrevenge.com/sprites/0465_.png
466,Electivire,Sinnoh,Electivire,https://sprites.hecatesrevenge.com/sprites/0466_.png
467,Magmortar,Sinnoh,Magmortar,https://sprites.hecatesrevenge.com/sprites/0467_.png
468,Togekiss,Sinnoh,Togekiss,https://sprites.hecatesrevenge.com/sprites/0468_.png
469,Yanmega,Sinnoh,Yanmega,https://sprites.hecatesrevenge.com/sprites/0469_.png
470,Leafeon,Sinnoh,Leafeon,https://sprites.hecatesrevenge.com/sprites/0470_.png
471,Glaceon,Sinnoh,Glaceon,https://sprites.hecatesrevenge.com/sprites/0471_.png
472,Gliscor,Sinnoh,Gliscor,https://sprites.hecatesrevenge.com/sprites/0472_.png
473,Mamoswine,Sinnoh,Mamoswine,https://sprites.hecatesrevenge.com/sprites/0473_.png
474,Porygon-Z,Sinnoh,Porygon-Z,https://sprites.hecatesrevenge.com/sprites/0474_.png
475,Gallade,Sinnoh,Gallade,https://sprites.hecatesrevenge.com/sprites/0475_.png
476,Probopass,Sinnoh,Probopass,https://sprites.hecatesrevenge.com/sprites/0476_.png
477,Dusknoir,Sinnoh,Dusknoir,https://sprites.hecatesrevenge.com/sprites/0477_.png
478,Froslass,Sinnoh,Froslass,https://sprites.hecatesrevenge.com/sprites/0478_.png
480,Uxie,Sinnoh,Uxie,https://sprites.hecatesrevenge.com/sprites/0480_.png
481,Mesprit,Sinnoh,Mesprit,https://sprites.hecatesrevenge.com/sprites/0481_.png
482,Azelf,Sinnoh,Azelf,https://sprites.hecatesrevenge.com/sprites/0482_.png
485,Heatran,Sinnoh,Heatran,https://sprites.hecatesrevenge.com/sprites/0485_.png
486,Regigigas,Sinnoh,Regigigas,https://sprites.hecatesrevenge.com/sprites/0486_.png
488,Cresselia,Sinnoh,Cresselia,https://sprites.hecatesrevenge.com/sprites/0488_.png
489,Phione,Sinnoh,Phione,https://sprites.hecatesrevenge.com/sprites/0489_.png
490,Manaphy,Sinnoh,Manaphy,https://sprites.hecatesrevenge.com/sprites/0490_.png
491,Darkrai,Sinnoh,Darkrai,https://sprites.hecatesrevenge.com/sprites/0491_.png
493,Arceus,Normal,Arceus,https://sprites.hecatesrevenge.com/sprites/0493_.png
494,Victini,Unova,Victini,https://sprites.hecatesrevenge.com/sprites/0494_.png
495,Snivy,Unova,Snivy,https://sprites.hecatesrevenge.com/sprites/0495_.png
496,Servine,Unova,Servine,https://sprites.hecatesrevenge.com/sprites/0496_.png
497,Serperior,Unova,Serperior,https://sprites.hecatesrevenge.com/sprites/0497_.png
498,Tepig,Unova,Tepig,https://sprites.hecatesrevenge.com/sprites/0498_.png
499,Pignite,Unova,Pignite,https://sprites.hecatesrevenge.com/sprites/0499_.png
500,Emboar,Unova,Emboar,https://sprites.hecatesrevenge.com/sprites/0500_.png
501,Oshawott,Unova,Oshawott,https://sprites.hecatesrevenge.com/sprites/0501_.png
502,Dewott,Unova,Dewott,https://sprites.hecatesrevenge.com/sprites/0502_.png
504,Patrat,Unova,Patrat,https://sprites.hecatesrevenge.com/sprites/0504_.png
505,Watchog,Unova,Watchog,https://sprites.hecatesrevenge.com/sprites/0505_.png
506,Lillipup,Unova,Lillipup,https://sprites.hecatesrevenge.com/sprites/0506_.png
507,Herdier,Unova,Herdier,https://sprites.hecatesrevenge.com/sprites/0507_.png
508,Stoutland,Unova,Stoutland,https://sprites.hecatesrevenge.com/sprites/0508_.png
509,Purrloin,Unova,Purrloin,https://sprites.hecatesrevenge.com/sprites/0509_.png
510,Liepard,Unova,Liepard,https://sprites.hecatesrevenge.com/sprites/0510_.png
511,Pansage,Unova,Pansage,https://sprites.hecatesrevenge.com/sprites/0511_.png
512,Simisage,Unova,Simisage,https://sprites.hecatesrevenge.com/sprites/0512_.png
513,Pansear,Unova,Pansear,https://sprites.hecatesrevenge.com/sprites/0513_.png
514,Simisear,Unova,Simisear,https://sprites.hecatesrevenge.com/sprites/0514_.png
515,Panpour,Unova,Panpour,https://sprites.hecatesrevenge.com/sprites/0515_.png
516,Simipour,Unova,Simipour,https://sprites.hecatesrevenge.com/sprites/0516_.png
517,Munna,Unova,Munna,https://sprites.hecatesrevenge.com/sprites/0517_.png
518,Musharna,Unova,Musharna,https://sprites.hecatesrevenge.com/sprites/0518_.png
519,Pidove,Unova,Pidove,https://sprites.hecatesrevenge.com/sprites/0519_.png
520,Tranquill,Unova,Tranquill,https://sprites.hecatesrevenge.com/sprites/0520_.png
521,Unfezant,Unova,Unfezant,https://sprites.hecatesrevenge.com/sprites/0521_.png
522,Blitzle,Unova,Blitzle,https://sprites.hecatesrevenge.com/sprites/0522_.png
523,Zebstrika,Unova,Zebstrika,https://sprites.hecatesrevenge.com/sprites/0523_.png
524,Roggenrola,Unova,Roggenrola,https://sprites.hecatesrevenge.com/sprites/0524_.png
525,Boldore,Unova,Boldore,https://sprites.hecatesrevenge.com/sprites/0525_.png
526,Gigalith,Unova,Gigalith,https://sprites.hecatesrevenge.com/sprites/0526_.png
527,Woobat,Unova,Woobat,https://sprites.hecatesrevenge.com/sprites/0527_.png
528,Swoobat,Unova,Swoobat,https://sprites.hecatesrevenge.com/sprites/0528_.png
529,Drilbur,Unova,Drilbur,https://sprites.hecatesrevenge.com/sprites/0529_.png
530,Excadrill,Unova,Excadrill,https://sprites.hecatesrevenge.com/sprites/0530_.png
531,Audino,Unova,Audino,https://sprites.hecatesrevenge.com/sprites/0531_.png
532,Timburr,Unova,Timburr,https://sprites.hecatesrevenge.com/sprites/0532_.png
533,Gurdurr,Unova,Gurdurr,https://sprites.hecatesrevenge.com/sprites/0533_.png
534,Conkeldurr,Unova,Conkeldurr,https://sprites.hecatesrevenge.com/sprites/0534_.png
535,Tympole,Unova,Tympole,https://sprites.hecatesrevenge.com/sprites/0535_.png
536,Palpitoad,Unova,Palpitoad,https://sprites.hecatesrevenge.com/sprites/0536_.png
537,Seismitoad,Unova,Seismitoad,https://sprites.hecatesrevenge.com/sprites/0537_.png
538,Throh,Unova,Throh,https://sprites.hecatesrevenge.com/sprites/0538_.png
539,Sawk,Unova,Sawk,https://sprites.hecatesrevenge.com/sprites/0539_.png
540,Sewaddle,Unova,Sewaddle,https://sprites.hecatesrevenge.com/sprites/0540_.png
541,Swadloon,Unova,Swadloon,https://sprites.hecatesrevenge.com/sprites/0541_.png
542,Leavanny,Unova,Leavanny,https://sprites.hecatesrevenge.com/sprites/0542_.png
543,Venipede,Unova,Venipede,https://sprites.hecatesrevenge.com/sprites/0543_.png
544,Whirlipede,Unova,Whirlipede,https://sprites.hecatesrevenge.com/sprites/0544_.png
545,Scolipede,Unova,Scolipede,https://sprites.hecatesrevenge.com/sprites/0545_.png
546,Cottonee,Unova,Cottonee,https://sprites.hecatesrevenge.com/sprites/0546_.png
547,Whimsicott,Unova,Whimsicott,https://sprites.hecatesrevenge.com/sprites/0547_.png
548,Petilil,Unova,Petilil,https://sprites.hecatesrevenge.com/sprites/0548_.png
549,Lilligant,Unova,Lilligant,https://sprites.hecatesrevenge.com/sprites/0549_.png
549,Lilligant,Hisuian,Hisuian Lilligant,https://sprites.hecatesrevenge.com/sprites/0549H.png
551,Sandile,Unova,Sandile,https://sprites.hecatesrevenge.com/sprites/0551_.png
552,Krokorok,Unova,Krokorok,https://sprites.hecatesrevenge.com/sprites/0552_.png
553,Krookodile,Unova,Krookodile,https://sprites.hecatesrevenge.com/sprites/0553_.png
554,Darumaka,Unova,Darumaka,https://sprites.hecatesrevenge.com/sprites/0554_.png
554,Darumaka,Galarian,Galarian Darumaka,https://sprites.hecatesrevenge.com/sprites/0554G.png
556,Maractus,Unova,Maractus,https://sprites.hecatesrevenge.com/sprites/0556_.png
557,Dwebble,Unova,Dwebble,https://sprites.hecatesrevenge.com/sprites/0557_.png
558,Crustle,Unova,Crustle,https://sprites.hecatesrevenge.com/sprites/0558_.png
559,Scraggy,Unova,Scraggy,https://sprites.hecatesrevenge.com/sprites/0559_.png
560,Scrafty,Unova,Scrafty,https://sprites.hecatesrevenge.com/sprites/0560_.png
561,Sigilyph,Unova,Sigilyph,https://sprites.hecatesrevenge.com/sprites/0561_.png
563,Cofagrigus,Unova,Cofagrigus,https://sprites.hecatesrevenge.com/sprites/0563_.png
564,Tirtouga,Unova,Tirtouga,https://sprites.hecatesrevenge.com/sprites/0564_.png
565,Carracosta,Unova,Carracosta,https://sprites.hecatesrevenge.com/sprites/0565_.png
566,Archen,Unova,Archen,https://sprites.hecatesrevenge.com/sprites/0566_.png
567,Archeops,Unova,Archeops,https://sprites.hecatesrevenge.com/sprites/0567_.png
568,Trubbish,Unova,Trubbish,https://sprites.hecatesrevenge.com/sprites/0568_.png
569,Garbodor,Unova,Garbodor,https://sprites.hecatesrevenge.com/sprites/0569_.png
572,Minccino,Unova,Minccino,https://sprites.hecatesrevenge.com/sprites/0572_.png
573,Cinccino,Unova,Cinccino,https://sprites.hecatesrevenge.com/sprites/0573_.png
574,Gothita,Unova,Gothita,https://sprites.hecatesrevenge.com/sprites/0574_.png
575,Gothorita,Unova,Gothorita,https://sprites.hecatesrevenge.com/sprites/0575_.png
576,Gothitelle,Unova,Gothitelle,https://sprites.hecatesrevenge.com/sprites/0576_.png
577,Solosis,Unova,Solosis,https://sprites.hecatesrevenge.com/sprites/0577_.png
578,Duosion,Unova,Duosion,https://sprites.hecatesrevenge.com/sprites/0578_.png
579,Reuniclus,Unova,Reuniclus,https://sprites.hecatesrevenge.com/sprites/0579_.png
580,Ducklett,Unova,Ducklett,https://sprites.hecatesrevenge.com/sprites/0580_.png
581,Swanna,Unova,Swanna,https://sprites.hecatesrevenge.com/sprites/0581_.png
582,Vanillite,Unova,Vanillite,https://sprites.hecatesrevenge.com/sprites/0582_.png
583,Vanillish,Unova,Vanillish,https://sprites.hecatesrevenge.com/sprites/0583_.png
584,Vanilluxe,Unova,Vanilluxe,https://sprites.hecatesrevenge.com/sprites/0584_.png
585,Deerling,Spring,Deerling,https://sprites.hecatesrevenge.com/sprites/0585_.png
585,Deerling,Summer,Deerling Summer,https://sprites.hecatesrevenge.com/sprites/0585S.png
585,Deerling,Autumn,Deerling Autumn,https://sprites.hecatesrevenge.com/sprites/0585A.png
585,Deerling,Winter,Deerling Winter,https://sprites.hecatesrevenge.com/sprites/0585W.png
586,Sawsbuck,Spring,Sawsbuck,https://sprites.hecatesrevenge.com/sprites/0586_.png
586,Sawsbuck,Summer,Sawsbuck Summer,https://sprites.hecatesrevenge.com/sprites/0586S.png
586,Sawsbuck,Autumn,Sawsbuck Autumn,https://sprites.hecatesrevenge.com/sprites/0586A.png
586,Sawsbuck,Winter,Sawsbuck Winter,https://sprites.hecatesrevenge.com/sprites/0586W.png
587,Emolga,Unova,Emolga,https://sprites.hecatesrevenge.com/sprites/0587_.png
588,Karrablast,Unova,Karrablast,https://sprites.hecatesrevenge.com/sprites/0588_.png
589,Escavalier,Unova,Escavalier,https://sprites.hecatesrevenge.com/sprites/0589_.png
590,Foongus,Unova,Foongus,https://sprites.hecatesrevenge.com/sprites/0590_.png
591,Amoonguss,Unova,Amoonguss,https://sprites.hecatesrevenge.com/sprites/0591_.png
592,Frillish,Unova,Male Frillish,https://sprites.hecatesrevenge.com/sprites/0592M.png
592,Frillish,Unova,Female Frillish,https://sprites.hecatesrevenge.com/sprites/0592W.png
593,Jellicent,Unova,Male Jellicent,https://sprites.hecatesrevenge.com/sprites/0593M.png
593,Jellicent,Unova,Female Jellicent,https://sprites.hecatesrevenge.com/sprites/0593W.png
594,Alomomola,Unova,Alomomola,https://sprites.hecatesrevenge.com/sprites/0594_.png
595,Joltik,Unova,Joltik,https://sprites.hecatesrevenge.com/sprites/0595_.png
596,Gavantula,Unova,Gavantula,https://sprites.hecatesrevenge.com/sprites/0596_.png
597,Ferroseed,Unova,Ferroseed,https://sprites.hecatesrevenge.com/sprites/0597_.png
598,Ferrothorn,Unova,Ferrothorn,https://sprites.hecatesrevenge.com/sprites/0598_.png
599,Klink,Unova,Klink,https://sprites.hecatesrevenge.com/sprites/0599_.png
600,Klang,Unova,Klang,https://sprites.hecatesrevenge.com/sprites/0600_.png
601,Klinklang,Unova,Klinklang,https://sprites.hecatesrevenge.com/sprites/0601_.png
602,Tynamo,Unova,Tynamo,https://sprites.hecatesrevenge.com/sprites/0602_.png
603,Eelektrik,Unova,Eelektrik,https://sprites.hecatesrevenge.com/sprites/0603_.png
604,Eelektross,Unova,Eelektross,https://sprites.hecatesrevenge.com/sprites/0604_.png
605,Elgyem,Unova,Elgyem,https://sprites.hecatesrevenge.com/sprites/0605_.png
606,Beheeyem,Unova,Beheeyem,https://sprites.hecatesrevenge.com/sprites/0606_.png
607,Litwick,Unova,Litwick,https://sprites.hecatesrevenge.com/sprites/0607_.png
608,Lampent,Unova,Lampent,https://sprites.hecatesrevenge.com/sprites/0608_.png
609,Chandelure,Unova,Chandelure,https://sprites.hecatesrevenge.com/sprites/0609_.png
610,Axew,Unova,Axew,https://sprites.hecatesrevenge.com/sprites/0610_.png
611,Fraxure,Unova,Fraxure,https://sprites.hecatesrevenge.com/sprites/0611_.png
612,Haxorus,Unova,Haxorus,https://sprites.hecatesrevenge.com/sprites/0612_.png
613,Cubchoo,Unova,Cubchoo,https://sprites.hecatesrevenge.com/sprites/0613_.png
614,Beartic,Unova,Beartic,https://sprites.hecatesrevenge.com/sprites/0614_.png
615,Cryogonal,Unova,Cryogonal,https://sprites.hecatesrevenge.com/sprites/0615_.png
616,Shelmet,Unova,Shelmet,https://sprites.hecatesrevenge.com/sprites/0616_.png
617,Accelgor,Unova,Accelgor,https://sprites.hecatesrevenge.com/sprites/0617_.png
618,Stunfisk,Unova,Stunfisk,https://sprites.hecatesrevenge.com/sprites/0618_.png
618,Stunfisk,Galarian,Galarian Stunfisk,https://sprites.hecatesrevenge.com/sprites/0618G.png
619,Mienfoo,Unova,Mienfoo,https://sprites.hecatesrevenge.com/sprites/0619_.png
620,Mienshao,Unova,Mienshao,https://sprites.hecatesrevenge.com/sprites/0620_.png
621,Druddigon,Unova,Druddigon,https://sprites.hecatesrevenge.com/sprites/0621_.png
622,Golett,Unova,Golett,https://sprites.hecatesrevenge.com/sprites/0622_.png
623,Golurk,Unova,Golurk,https://sprites.hecatesrevenge.com/sprites/0623_.png
624,Pawniard,Unova,Pawniard,https://sprites.hecatesrevenge.com/sprites/0624_.png
625,Bisharp,Unova,Bisharp,https://sprites.hecatesrevenge.com/sprites/0625_.png
626,Bouffalant,Unova,Bouffalant,https://sprites.hecatesrevenge.com/sprites/0626_.png
627,Rufflet,Unova,Rufflet,https://sprites.hecatesrevenge.com/sprites/0627_.png
629,Vullaby,Unova,Vullaby,https://sprites.hecatesrevenge.com/sprites/0629_.png
630,Mandibuzz,Unova,Mandibuzz,https://sprites.hecatesrevenge.com/sprites/0630_.png
631,Heatmor,Unova,Heatmor,https://sprites.hecatesrevenge.com/sprites/0631_.png
632,Durant,Unova,Durant,https://sprites.hecatesrevenge.com/sprites/0632_.png
633,Deino,Unova,Deino,https://sprites.hecatesrevenge.com/sprites/0633_.png
634,Zweilous,Unova,Zweilous,https://sprites.hecatesrevenge.com/sprites/0634_.png
635,Hydreigon,Unova,Hydreigon,https://sprites.hecatesrevenge.com/sprites/0635_.png
636,Larvesta,Unova,Larvesta,https://sprites.hecatesrevenge.com/sprites/0636_.png
637,Volcarona,Unova,Volcarona,https://sprites.hecatesrevenge.com/sprites/0637_.png
638,Cobalion,Unova,Cobalion,https://sprites.hecatesrevenge.com/sprites/0638_.png
639,Terrakion,Unova,Terrakion,https://sprites.hecatesrevenge.com/sprites/0639_.png
640,Virizion,Unova,Virizion,https://sprites.hecatesrevenge.com/sprites/0640_.png
643,Reshiram,Unova,Reshiram,https://sprites.hecatesrevenge.com/sprites/0643_.png
644,Zekrom,Unova,Zekrom,https://sprites.hecatesrevenge.com/sprites/0644_.png
646,Kyurem,Unova,Kyurem,https://sprites.hecatesrevenge.com/sprites/0646_.png
646,Kyurem,White,Kyurem White,https://sprites.hecatesrevenge.com/sprites/0646W.png
646,Kyurem,Black,Kyurem Black,https://sprites.hecatesrevenge.com/sprites/0646B.png
649,Genesect,Unova,Genesect,https://sprites.hecatesrevenge.com/sprites/0649_.png
650,Chespin,Kalos,Chespin,https://sprites.hecatesrevenge.com/sprites/0650_.png
651,Quilladin,Kalos,Quilladin,https://sprites.hecatesrevenge.com/sprites/0651_.png
652,Chesnaught,Kalos,Chesnaught,https://sprites.hecatesrevenge.com/sprites/0652_.png
653,Fennekin,Kalos,Fennekin,https://sprites.hecatesrevenge.com/sprites/0653_.png
654,Braixen,Kalos,Braixen,https://sprites.hecatesrevenge.com/sprites/0654_.png
655,Delphox,Kalos,Delphox,https://sprites.hecatesrevenge.com/sprites/0655_.png
656,Froakie,Kalos,Froakie,https://sprites.hecatesrevenge.com/sprites/0656_.png
657,Frogadier,Kalos,Frogadier,https://sprites.hecatesrevenge.com/sprites/0657_.png
658,Greninja,Kalos,Greninja,https://sprites.hecatesrevenge.com/sprites/0658_.png
659,Bunnelby,Kalos,Bunnelby,https://sprites.hecatesrevenge.com/sprites/0659_.png
660,Diggersby,Kalos,Diggersby,https://sprites.hecatesrevenge.com/sprites/0660_.png
661,Fletchling,Kalos,Fletchling,https://sprites.hecatesrevenge.com/sprites/0661_.png
662,Fletchinder,Kalos,Fletchinder,https://sprites.hecatesrevenge.com/sprites/0662_.png
663,Talonflame,Kalos,Talonflame,https://sprites.hecatesrevenge.com/sprites/0663_.png
664,Scatterbug,Kalos,Scatterbug,https://sprites.hecatesrevenge.com/sprites/0664_.png
665,Spewpa,Kalos,Spewpa,https://sprites.hecatesrevenge.com/sprites/0665_.png
666,Vivillon,Icy-Snow,Vivillon Icy Snow,https://sprites.hecatesrevenge.com/sprites/0666_.png
667,Litleo,Kalos,Litleo,https://sprites.hecatesrevenge.com/sprites/0667_.png
668,Pyroar,Kalos,Pyroar,https://sprites.hecatesrevenge.com/sprites/0668_.png
669,Flabebe,Red,Flabebe Red,https://sprites.hecatesrevenge.com/sprites/0669R.png
670,Floette,Red,Floette Red,https://sprites.hecatesrevenge.com/sprites/0670R.png
672,Skiddo,Kalos,Skiddo,https://sprites.hecatesrevenge.com/sprites/0672_.png
673,Gogoat,Kalos,Gogoat,https://sprites.hecatesrevenge.com/sprites/0673_.png
674,Pancham,Kalos,Pancham,https://sprites.hecatesrevenge.com/sprites/0674_.png
675,Pangoro,Kalos,Pangoro,https://sprites.hecatesrevenge.com/sprites/0675_.png
677,Espurr,Kalos,Espurr,https://sprites.hecatesrevenge.com/sprites/0677_.png
679,Honedge,Kalos,Honedge,https://sprites.hecatesrevenge.com/sprites/0679_.png
680,Doublade,Kalos,Doublade,https://sprites.hecatesrevenge.com/sprites/0680_.png
681,Aegislash,Shield,Aegislash Shield,https://sprites.hecatesrevenge.com/sprites/0681_.png
681,Aegislash,Blade,Aegislash Blade,https://sprites.hecatesrevenge.com/sprites/0681B.png
682,Spritzee,Kalos,Spritzee,https://sprites.hecatesrevenge.com/sprites/0682_.png
683,Aromatisse,Kalos,Aromatisse,https://sprites.hecatesrevenge.com/sprites/0683_.png
684,Swirlix,Kalos,Swirlix,https://sprites.hecatesrevenge.com/sprites/0684_.png
685,Slurpuff,Kalos,Slurpuff,https://sprites.hecatesrevenge.com/sprites/0685_.png
686,Inkay,Kalos,Inkay,https://sprites.hecatesrevenge.com/sprites/0686_.png
687,Malamar,Kalos,Malamar,https://sprites.hecatesrevenge.com/sprites/0687_.png
688,Binacle,Kalos,Binacle,https://sprites.hecatesrevenge.com/sprites/0688_.png
689,Barbaracle,Kalos,Barbaracle,https://sprites.hecatesrevenge.com/sprites/0689_.png
690,Skrelp,Kalos,Skrelp,https://sprites.hecatesrevenge.com/sprites/0690_.png
691,Dragalge,Kalos,Dragalge,https://sprites.hecatesrevenge.com/sprites/0691_.png
692,Clauncher,Kalos,Clauncher,https://sprites.hecatesrevenge.com/sprites/0692_.png
693,Clawitzer,Kalos,Clawitzer,https://sprites.hecatesrevenge.com/sprites/0693_.png
694,Helioptile,Kalos,Helioptile,https://sprites.hecatesrevenge.com/sprites/0694_.png
695,Heliolisk,Kalos,Heliolisk,https://sprites.hecatesrevenge.com/sprites/0695_.png
696,Tyrunt,Kalos,Tyrunt,https://sprites.hecatesrevenge.com/sprites/0696_.png
697,Tyrantrum,Kalos,Tyrantrum,https://sprites.hecatesrevenge.com/sprites/0697_.png
698,Amaura,Kalos,Amaura,https://sprites.hecatesrevenge.com/sprites/0698_.png
699,Aurorus,Kalos,Aurorus,https://sprites.hecatesrevenge.com/sprites/0699_.png
700,Sylveon,Kalos,Sylveon,https://sprites.hecatesrevenge.com/sprites/0700_.png
701,Hawlucha,Kalos,Hawlucha,https://sprites.hecatesrevenge.com/sprites/0701_.png
702,Dedenne,Kalos,Dedenne,https://sprites.hecatesrevenge.com/sprites/0702_.png
703,Carbink,Kalos,Carbink,https://sprites.hecatesrevenge.com/sprites/0703_.png
704,Goomy,Kalos,Goomy,https://sprites.hecatesrevenge.com/sprites/0704_.png
707,Klefki,Kalos,Klefki,https://sprites.hecatesrevenge.com/sprites/0707_.png
708,Phantump,Kalos,Phantump,https://sprites.hecatesrevenge.com/sprites/0708_.png
709,Trevenant,Kalos,Trevenant,https://sprites.hecatesrevenge.com/sprites/0709_.png
712,Bergmite,Kalos,Bergmite,https://sprites.hecatesrevenge.com/sprites/0712_.png
714,Noibat,Kalos,Noibat,https://sprites.hecatesrevenge.com/sprites/0714_.png
715,Noivern,Kalos,Noivern,https://sprites.hecatesrevenge.com/sprites/0715_.png
716,Xerneas,Kalos,Xerneas,https://sprites.hecatesrevenge.com/sprites/0716_.png
717,Yveltal,Kalos,Yveltal,https://sprites.hecatesrevenge.com/sprites/0717_.png
718,Zygarde,50,Zygarde 50%,https://sprites.hecatesrevenge.com/sprites/0718_.png
718,Zygarde,10,Zygarde 10%,https://sprites.hecatesrevenge.com/sprites/0718T.png
718,Zygarde,Complete,Zygarde Complete,https://sprites.hecatesrevenge.com/sprites/0718C.png
719,Diancie,Kalos,Diancie,https://sprites.hecatesrevenge.com/sprites/0719_.png
721,Volcanion,Kalos,Volcanion,https://sprites.hecatesrevenge.com/sprites/0721_.png
722,Rowlet,Alola,Rowlet,https://sprites.hecatesrevenge.com/sprites/0722_.png
723,Dartrix,Alola,Dartrix,https://sprites.hecatesrevenge.com/sprites/0723_.png
725,Litten,Alola,Litten,https://sprites.hecatesrevenge.com/sprites/0725_.png
726,Torracat,Alola,Torracat,https://sprites.hecatesrevenge.com/sprites/0726_.png
727,Incineroar,Alola,Incineroar,https://sprites.hecatesrevenge.com/sprites/0727_.png
728,Popplio,Alola,Popplio,https://sprites.hecatesrevenge.com/sprites/0728_.png
729,Brionne,Alola,Brionne,https://sprites.hecatesrevenge.com/sprites/0729_.png
730,Primarina,Alola,Primarina,https://sprites.hecatesrevenge.com/sprites/0730_.png
731,Pikipek,Alola,Pikipek,https://sprites.hecatesrevenge.com/sprites/0731_.png
732,Trumbeak,Alola,Trumbeak,https://sprites.hecatesrevenge.com/sprites/0732_.png
733,Toucannon,Alola,Toucannon,https://sprites.hecatesrevenge.com/sprites/0733_.png
734,Yungoos,Alola,Yungoos,https://sprites.hecatesrevenge.com/sprites/0734_.png
735,Gumshoos,Alola,Gumshoos,https://sprites.hecatesrevenge.com/sprites/0735_.png
736,Grubbin,Alola,Grubbin,https://sprites.hecatesrevenge.com/sprites/0736_.png
737,Charjabug,Alola,Charjabug,https://sprites.hecatesrevenge.com/sprites/0737_.png
738,Vikavolt,Alola,Vikavolt,https://sprites.hecatesrevenge.com/sprites/0738_.png
739,Crabrawler,Alola,Crabrawler,https://sprites.hecatesrevenge.com/sprites/0739_.png
740,Crabominable,Alola,Crabominable,https://sprites.hecatesrevenge.com/sprites/0740_.png
742,Cutiefly,Alola,Cutiefly,https://sprites.hecatesrevenge.com/sprites/0742_.png
743,Ribombee,Alola,Ribombee,https://sprites.hecatesrevenge.com/sprites/0743_.png
744,Rockruff,Alola,Rockruff,https://sprites.hecatesrevenge.com/sprites/0744_.png
746,Wishiwashi,Solo,Wishiwashi,https://sprites.hecatesrevenge.com/sprites/0746_.png
746,Wishiwashi,School,Wishiwashi School,https://sprites.hecatesrevenge.com/sprites/0746S.png
747,Mareanie,Alola,Mareanie,https://sprites.hecatesrevenge.com/sprites/0747_.png
748,Toxapex,Alola,Toxapex,https://sprites.hecatesrevenge.com/sprites/0748_.png
749,Mudbray,Alola,Mudbray,https://sprites.hecatesrevenge.com/sprites/0749_.png
750,Mudsdale,Alola,Mudsdale,https://sprites.hecatesrevenge.com/sprites/0750_.png
751,Dewpider,Alola,Dewpider,https://sprites.hecatesrevenge.com/sprites/0751_.png
752,Araquanid,Alola,Araquanid,https://sprites.hecatesrevenge.com/sprites/0752_.png
753,Fomantis,Alola,Fomantis,https://sprites.hecatesrevenge.com/sprites/0753_.png
754,Lurantis,Alola,Lurantis,https://sprites.hecatesrevenge.com/sprites/0754_.png
755,Morelull,Alola,Morelull,https://sprites.hecatesrevenge.com/sprites/0755_.png
756,Shiinotic,Alola,Shiinotic,https://sprites.hecatesrevenge.com/sprites/0756_.png
757,Salandit,Alola,Salandit,https://sprites.hecatesrevenge.com/sprites/0757_.png
758,Salazzle,Alola,Salazzle,https://sprites.hecatesrevenge.com/sprites/0758_.png
759,Stufful,Alola,Stufful,https://sprites.hecatesrevenge.com/sprites/0759_.png
760,Bewear,Alola,Bewear,https://sprites.hecatesrevenge.com/sprites/0760_.png
761,Bounsweet,Alola,Bounsweet,https://sprites.hecatesrevenge.com/sprites/0761_.png
762,Steenee,Alola,Steenee,https://sprites.hecatesrevenge.com/sprites/0762_.png
763,Tsareena,Alola,Tsareena,https://sprites.hecatesrevenge.com/sprites/0763_.png
764,Comfey,Alola,Comfey,https://sprites.hecatesrevenge.com/sprites/0764_.png
765,Oranguru,Alola,Oranguru,https://sprites.hecatesrevenge.com/sprites/0765_.png
766,Passimian,Alola,Passimian,https://sprites.hecatesrevenge.com/sprites/0766_.png
767,Wimpod,Alola,Wimpod,https://sprites.hecatesrevenge.com/sprites/0767_.png
768,Golisopod,Alola,Golisopod,https://sprites.hecatesrevenge.com/sprites/0768_.png
769,Sandygast,Alola,Sandygast,https://sprites.hecatesrevenge.com/sprites/0769_.png
770,Palossand,Alola,Palossand,https://sprites.hecatesrevenge.com/sprites/0770_.png
771,Pyukumuku,Alola,Pyukumuku,https://sprites.hecatesrevenge.com/sprites/0771_.png
772,Type: Null,Alola,Type: Null,https://sprites.hecatesrevenge.com/sprites/0772_.png
773,Silvally,Normal,Silvally,https://sprites.hecatesrevenge.com/sprites/0773_.png
775,Komala,Alola,Komala,https://sprites.hecatesrevenge.com/sprites/0775_.png
776,Turtonator,Alola,Turtonator,https://sprites.hecatesrevenge.com/sprites/0776_.png
777,Togedemaru,Alola,Togedemaru,https://sprites.hecatesrevenge.com/sprites/0777_.png
779,Bruxish,Alola,Bruxish,https://sprites.hecatesrevenge.com/sprites/0779_.png
780,Drampa,Alola,Drampa,https://sprites.hecatesrevenge.com/sprites/0780_.png
781,Dhelmise,Alola,Dhelmise,https://sprites.hecatesrevenge.com/sprites/0781_.png
782,Jangmo-o,Alola,Jangmo-o,https://sprites.hecatesrevenge.com/sprites/0782_.png
783,Hakamo-o,Alola,Hakamo-o,https://sprites.hecatesrevenge.com/sprites/0783_.png
784,Kommo-o,Alola,Kommo-o,https://sprites.hecatesrevenge.com/sprites/0784_.png
785,Tapu Koko,Alola,Tapu Koko,https://sprites.hecatesrevenge.com/sprites/0785_.png
786,Tapu Lele,Alola,Tapu Lele,https://sprites.hecatesrevenge.com/sprites/0786_.png
787,Tapu Bulu,Alola,Tapu Bulu,https://sprites.hecatesrevenge.com/sprites/0787_.png
788,Tapu Fini,Alola,Tapu Fini,https://sprites.hecatesrevenge.com/sprites/0788_.png
789,Cosmog,Alola,Cosmog,https://sprites.hecatesrevenge.com/sprites/0789_.png
790,Cosmoem,Alola,Cosmoem,https://sprites.hecatesrevenge.com/sprites/0790_.png
791,Solgaleo,Alola,Solgaleo,https://sprites.hecatesrevenge.com/sprites/0791_.png
792,Lunala,Alola,Lunala,https://sprites.hecatesrevenge.com/sprites/0792_.png
793,Nihilego,Alola,Nihilego,https://sprites.hecatesrevenge.com/sprites/0793_.png
794,Buzzwole,Alola,Buzzwole,https://sprites.hecatesrevenge.com/sprites/0794_.png
795,Pheromosa,Alola,Pheromosa,https://sprites.hecatesrevenge.com/sprites/0795_.png
796,Xurkitree,Alola,Xurkitree,https://sprites.hecatesrevenge.com/sprites/0796_.png
797,Celesteela,Alola,Celesteela,https://sprites.hecatesrevenge.com/sprites/0797_.png
798,Kartana,Alola,Kartana,https://sprites.hecatesrevenge.com/sprites/0798_.png
799,Guzzlord,Alola,Guzzlord,https://sprites.hecatesrevenge.com/sprites/0799_.png
800,Necrozma,Alola,Necrozma,https://sprites.hecatesrevenge.com/sprites/0800_.png
801,Magearna,Alola,Magearna,https://sprites.hecatesrevenge.com/sprites/0801_.png
802,Marshadow,Alola,Marshadow,https://sprites.hecatesrevenge.com/sprites/0802_.png
803,Poipole,Alola,Poipole,https://sprites.hecatesrevenge.com/sprites/0803_.png
804,Naganadel,Alola,Naganadel,https://sprites.hecatesrevenge.com/sprites/0804_.png
805,Stakataka,Alola,Stakataka,https://sprites.hecatesrevenge.com/sprites/0805_.png
806,Blacephalon,Alola,Blacephalon,https://sprites.hecatesrevenge.com/sprites/0806_.png
807,Zeraora,Alola,Zeraora,https://sprites.hecatesrevenge.com/sprites/0807_.png
808,Meltan,Alola,Meltan,https://sprites.hecatesrevenge.com/sprites/0808_.png
809,Melmetal,Alola,Melmetal,https://sprites.hecatesrevenge.com/sprites/0809_.png
810,Grookey,Galar,Grookey,https://sprites.hecatesrevenge.com/sprites/0810_.png
811,Thwackey,Galar,Thwackey,https://sprites.hecatesrevenge.com/sprites/0811_.png
812,Rillaboom,Galar,Rillaboom,https://sprites.hecatesrevenge.com/sprites/0812_.png
813,Scorbunny,Galar,Scorbunny,https://sprites.hecatesrevenge.com/sprites/0813_.png
814,Raboot,Galar,Raboot,https://sprites.hecatesrevenge.com/sprites/0814_.png
815,Cinderace,Galar,Cinderace,https://sprites.hecatesrevenge.com/sprites/0815_.png
816,Sobble,Galar,Sobble,https://sprites.hecatesrevenge.com/sprites/0816_.png
817,Drizzile,Galar,Drizzile,https://sprites.hecatesrevenge.com/sprites/0817_.png
818,Inteleon,Galar,Inteleon,https://sprites.hecatesrevenge.com/sprites/0818_.png
819,Skwovet,Galar,Skwovet,https://sprites.hecatesrevenge.com/sprites/0819_.png
820,Greedent,Galar,Greedent,https://sprites.hecatesrevenge.com/sprites/0820_.png
821,Rookidee,Galar,Rookidee,https://sprites.hecatesrevenge.com/sprites/0821_.png
822,Corvisquire,Galar,Corvisquire,https://sprites.hecatesrevenge.com/sprites/0822_.png
823,Corviknight,Galar,Corviknight,https://sprites.hecatesrevenge.com/sprites/0823_.png
824,Blipbug,Galar,Blipbug,https://sprites.hecatesrevenge.com/sprites/0824_.png
825,Dottler,Galar,Dottler,https://sprites.hecatesrevenge.com/sprites/0825_.png
826,Orbeetle,Galar,Orbeetle,https://sprites.hecatesrevenge.com/sprites/0826_.png
827,Nickit,Galar,Nickit,https://sprites.hecatesrevenge.com/sprites/0827_.png
828,Thievul,Galar,Thievul,https://sprites.hecatesrevenge.com/sprites/0828_.png
829,Gossifleur,Galar,Gossifleur,https://sprites.hecatesrevenge.com/sprites/0829_.png
830,Eldegoss,Galar,Eldegoss,https://sprites.hecatesrevenge.com/sprites/0830_.png
831,Wooloo,Galar,Wooloo,https://sprites.hecatesrevenge.com/sprites/0831_.png
832,Dubwool,Galar,Dubwool,https://sprites.hecatesrevenge.com/sprites/0832_.png
833,Chewtle,Galar,Chewtle,https://sprites.hecatesrevenge.com/sprites/0833_.png
834,Drednaw,Galar,Drednaw,https://sprites.hecatesrevenge.com/sprites/0834_.png
835,Yamper,Galar,Yamper,https://sprites.hecatesrevenge.com/sprites/0835_.png
836,Boltund,Galar,Boltund,https://sprites.hecatesrevenge.com/sprites/0836_.png
837,Rolycoly,Galar,Rolycoly,https://sprites.hecatesrevenge.com/sprites/0837_.png
838,Carkol,Galar,Carkol,https://sprites.hecatesrevenge.com/sprites/0838_.png
839,Coalossal,Galar,Coalossal,https://sprites.hecatesrevenge.com/sprites/0839_.png
840,Applin,Galar,Applin,https://sprites.hecatesrevenge.com/sprites/0840_.png
841,Flapple,Galar,Flapple,https://sprites.hecatesrevenge.com/sprites/0841_.png
842,Appletun,Galar,Appletun,https://sprites.hecatesrevenge.com/sprites/0842_.png
843,Silicobra,Galar,Silicobra,https://sprites.hecatesrevenge.com/sprites/0843_.png
844,Sandaconda,Galar,Sandaconda,https://sprites.hecatesrevenge.com/sprites/0844_.png
845,Cramorant,Galar,Cramorant,https://sprites.hecatesrevenge.com/sprites/0845_.png
846,Arrokuda,Galar,Arrokuda,https://sprites.hecatesrevenge.com/sprites/0846_.png
847,Barraskewda,Galar,Barraskewda,https://sprites.hecatesrevenge.com/sprites/0847_.png
848,Toxel,Galar,Toxel,https://sprites.hecatesrevenge.com/sprites/0848_.png
849,Toxtricity,Amped,Toxtricity Amped,https://sprites.hecatesrevenge.com/sprites/0849_.png
849,Toxtricity,Low-Key,Toxtricity Low-Key,https://sprites.hecatesrevenge.com/sprites/0849L.png
850,Sizzlipede,Galar,Sizzlipede,https://sprites.hecatesrevenge.com/sprites/0850_.png
851,Centiskorch,Galar,Centiskorch,https://sprites.hecatesrevenge.com/sprites/0851_.png
852,Clobbopus,Galar,Clobbopus,https://sprites.hecatesrevenge.com/sprites/0852_.png
853,Grapploct,Galar,Grapploct,https://sprites.hecatesrevenge.com/sprites/0853_.png
854,Sinistea,Paldea,Sinistea ,https://sprites.hecatesrevenge.com/sprites/0854_.png
855,Polteageist,Paldea,Polteageist,https://sprites.hecatesrevenge.com/sprites/0855_.png
856,Hatenna,Galar,Hatenna,https://sprites.hecatesrevenge.com/sprites/0856_.png
857,Hattrem,Galar,Hattrem,https://sprites.hecatesrevenge.com/sprites/0857_.png
858,Hatterene,Galar,Hatterene,https://sprites.hecatesrevenge.com/sprites/0858_.png
859,Impidimp,Galar,Impidimp,https://sprites.hecatesrevenge.com/sprites/0859_.png
860,Morgrem,Galar,Morgrem,https://sprites.hecatesrevenge.com/sprites/0860_.png
861,Grimmsnarl,Galar,Grimmsnarl,https://sprites.hecatesrevenge.com/sprites/0861_.png
862,Obstagoon,Galar,Obstagoon,https://sprites.hecatesrevenge.com/sprites/0862_.png
863,Perrserker,Galar,Perrserker,https://sprites.hecatesrevenge.com/sprites/0863_.png
864,Cursola,Galar,Cursola,https://sprites.hecatesrevenge.com/sprites/0864_.png
865,Sirfetch'd,Galar,Sirfetch'd,https://sprites.hecatesrevenge.com/sprites/0865_.png
866,Mr. Rime,Galar,Mr. Rime,https://sprites.hecatesrevenge.com/sprites/0866_.png
867,Runerigus,Galar,Runerigus,https://sprites.hecatesrevenge.com/sprites/0867_.png
868,Milcery,Galar,Milcery,https://sprites.hecatesrevenge.com/sprites/0868_.png
869,Alcremie,Vanilla,Alcremie,https://sprites.hecatesrevenge.com/sprites/0869_.png
870,Falinks,Galar,Falinks,https://sprites.hecatesrevenge.com/sprites/0870_.png
871,Pincurchin,Galar,Pincurchin,https://sprites.hecatesrevenge.com/sprites/0871_.png
872,Snom,Galar,Snom,https://sprites.hecatesrevenge.com/sprites/0872_.png
873,Frosmoth,Galar,Frosmoth,https://sprites.hecatesrevenge.com/sprites/0873_.png
874,Stonjourner,Galar,Stonjourner,https://sprites.hecatesrevenge.com/sprites/0874_.png
875,Eiscue,Ice-Face,Eiscue Ice Face,https://sprites.hecatesrevenge.com/sprites/0875_.png
875,Eiscue,Noice-Face,Eiscue Noice Face,https://sprites.hecatesrevenge.com/sprites/0875N.png
876,Indeedee,Male,Indeedee Male,https://sprites.hecatesrevenge.com/sprites/0876_.png
876,Indeedee,Female,Indeedee Female,https://sprites.hecatesrevenge.com/sprites/0876F.png
877,Morpeko,Full-Belly,Morpeko,https://sprites.hecatesrevenge.com/sprites/0877_.png
877,Morpeko,Hangry,Morpeko Hangry,https://sprites.hecatesrevenge.com/sprites/0877H.png
878,Cufant,Galar,Cufant,https://sprites.hecatesrevenge.com/sprites/0878_.png
879,Copperajah,Galar,Copperajah,https://sprites.hecatesrevenge.com/sprites/0879_.png
880,Dracozolt,Galar,Dracozolt,https://sprites.hecatesrevenge.com/sprites/0880_.png
881,Arctozolt,Galar,Arctozolt,https://sprites.hecatesrevenge.com/sprites/0881_.png
882,Dracovish,Galar,Dracovish,https://sprites.hecatesrevenge.com/sprites/0882_.png
883,Arctovish,Galar,Arctovish,https://sprites.hecatesrevenge.com/sprites/0883_.png
884,Duraludon,Galar,Duraludon,https://sprites.hecatesrevenge.com/sprites/0884_.png
885,Dreepy,Galar,Dreepy,https://sprites.hecatesrevenge.com/sprites/0885_.png
886,Drakloak,Galar,Drakloak,https://sprites.hecatesrevenge.com/sprites/0886_.png
887,Dragapult,Galar,Dragapult,https://sprites.hecatesrevenge.com/sprites/0887_.png
888,Zacian,Hero,Zacian,https://sprites.hecatesrevenge.com/sprites/0888_.png
888,Zacian,Crowned,Zacian Crowned,https://sprites.hecatesrevenge.com/sprites/0888C.png
889,Zamazenta,Hero,Zamazenta,https://sprites.hecatesrevenge.com/sprites/0889_.png
889,Zamazenta,Crowned,Zamazenta Crowned,https://sprites.hecatesrevenge.com/sprites/0889C.png
890,Eternatus,Galar,Eternatus,https://sprites.hecatesrevenge.com/sprites/0890_.png
891,Kubfu,Galar,Kubfu,https://sprites.hecatesrevenge.com/sprites/0891_.png
892,Urshifu,Single-Strike,Urshifu Single-Strike,https://sprites.hecatesrevenge.com/sprites/0892S.png
892,Urshifu,Rapid-Strike,Urshifu Rapid-Strike,https://sprites.hecatesrevenge.com/sprites/0892R.png
893,Zarude,Galar,Zarude,https://sprites.hecatesrevenge.com/sprites/0893_.png
894,Regieleki,Galar,Regieleki,https://sprites.hecatesrevenge.com/sprites/0894_.png
895,Regidrago,Galar,Regidrago,https://sprites.hecatesrevenge.com/sprites/0895_.png
896,Glastrier,Galar,Glastrier,https://sprites.hecatesrevenge.com/sprites/0896_.png
897,Spectrier,Galar,Spectrier,https://sprites.hecatesrevenge.com/sprites/0897_.png
898,Calyrex,Galar,Calyrex,https://sprites.hecatesrevenge.com/sprites/0898_.png
898,Calyrex,Ice-Rider,Calyrex Ice Rider,https://sprites.hecatesrevenge.com/sprites/0898I.png
898,Calyrex,Shadow-Rider,Calyrex Shadow Rider,https://sprites.hecatesrevenge.com/sprites/0898S.png
899,Wyrdeer,Hisui,Wyrdeer,https://sprites.hecatesrevenge.com/sprites/0899_.png
900,Kleavor,Hisui,Kleavor,https://sprites.hecatesrevenge.com/sprites/0900_.png
901,Ursaluna,Standard,Ursaluna,https://sprites.hecatesrevenge.com/sprites/0901_.png
902,Basculegion,Male,Basculegion Male,https://sprites.hecatesrevenge.com/sprites/0902_.png
902,Basculegion,Female,Basculegion Female,https://sprites.hecatesrevenge.com/sprites/0902F.png
903,Sneasler,Hisui,Sneasler,https://sprites.hecatesrevenge.com/sprites/0903_.png
904,Overqwil,Hisui,Overqwil,https://sprites.hecatesrevenge.com/sprites/0904_.png
905,Enamorus,Incarnate,Enamorus Incarnate,https://sprites.hecatesrevenge.com/sprites/0905_.png
905,Enamorus,Therian,Enamorus Therian,https://sprites.hecatesrevenge.com/sprites/0905T.png
906,Sprigatito,Paldea,Sprigatito,https://sprites.hecatesrevenge.com/sprites/0906_.png
907,Floragato,Paldea,Floragato,https://sprites.hecatesrevenge.com/sprites/0907_.png
908,Meowscarada,Paldea,Meowscarada,https://sprites.hecatesrevenge.com/sprites/0908_.png
909,Fuecoco,Paldea,Fuecoco,https://sprites.hecatesrevenge.com/sprites/0909_.png
910,Crocalor,Paldea,Crocalor,https://sprites.hecatesrevenge.com/sprites/0910_.png
911,Skeledirge,Paldea,Skeledirge,https://sprites.hecatesrevenge.com/sprites/0911_.png
912,Quaxly,Paldea,Quaxly,https://sprites.hecatesrevenge.com/sprites/0912_.png
913,Quaxwell,Paldea,Quaxwell,https://sprites.hecatesrevenge.com/sprites/0913_.png
914,Quaquaval,Paldea,Quaquaval,https://sprites.hecatesrevenge.com/sprites/0914_.png
915,Lechonk,Paldea,Lechonk,https://sprites.hecatesrevenge.com/sprites/0915_.png
916,Oinkologne,Male,Oinkologne Male,https://sprites.hecatesrevenge.com/sprites/0916_.png
916,Oinkologne,Female,Oinkologne Female,https://sprites.hecatesrevenge.com/sprites/0916F.png
917,Tarountula,Paldea,Tarountula,https://sprites.hecatesrevenge.com/sprites/0917_.png
918,Spidops,Paldea,Spidops,https://sprites.hecatesrevenge.com/sprites/0918_.png
919,Nymble,Paldea,Nymble,https://sprites.hecatesrevenge.com/sprites/0919_.png
920,Lokix,Paldea,Lokix,https://sprites.hecatesrevenge.com/sprites/0920_.png
921,Pawmi,Paldea,Pawmi,https://sprites.hecatesrevenge.com/sprites/0921_.png
922,Pawmo,Paldea,Pawmo,https://sprites.hecatesrevenge.com/sprites/0922_.png
923,Pawmot,Paldea,Pawmot,https://sprites.hecatesrevenge.com/sprites/0923_.png
924,Tandemaus,Paldea,Tandemaus,https://sprites.hecatesrevenge.com/sprites/0924_.png
925,Maushold,Family-of-Three,Maushold Three,https://sprites.hecatesrevenge.com/sprites/0925_.png
925,Maushold,Family-of-Four,Maushold Four,https://sprites.hecatesrevenge.com/sprites/0925F.png
926,Fidough,Paldea,Fidough,https://sprites.hecatesrevenge.com/sprites/0926_.png
927,Dachsbun,Paldea,Dachsbun,https://sprites.hecatesrevenge.com/sprites/0927_.png
928,Smoliv,Paldea,Smoliv,https://sprites.hecatesrevenge.com/sprites/0928_.png
929,Dolliv,Paldea,Dolliv,https://sprites.hecatesrevenge.com/sprites/0929_.png
930,Arboliva,Paldea,Arboliva,https://sprites.hecatesrevenge.com/sprites/0930_.png
931,Squawkabilly,Green,Squawkabilly Green,https://sprites.hecatesrevenge.com/sprites/0931G.png
931,Squawkabilly,Blue,Squawkabilly Blue,https://sprites.hecatesrevenge.com/sprites/0931B.png
931,Squawkabilly,Yellow,Squawkabilly Yellow,https://sprites.hecatesrevenge.com/sprites/0931Y.png
931,Squawkabilly,White,Squawkabilly White,https://sprites.hecatesrevenge.com/sprites/0931W.png
932,Nacli,Paldea,Nacli,https://sprites.hecatesrevenge.com/sprites/0932_.png
933,Naclstack,Paldea,Naclstack,https://sprites.hecatesrevenge.com/sprites/0933_.png
934,Garganacl,Paldea,Garganacl,https://sprites.hecatesrevenge.com/sprites/0934_.png
935,Charcadet,Paldea,Charcadet,https://sprites.hecatesrevenge.com/sprites/0935_.png
936,Armarouge,Paldea,Armarouge,https://sprites.hecatesrevenge.com/sprites/0936_.png
937,Ceruledge,Paldea,Ceruledge,https://sprites.hecatesrevenge.com/sprites/0937_.png
938,Tadbulb,Paldea,Tadbulb,https://sprites.hecatesrevenge.com/sprites/0938_.png
939,Bellibolt,Paldea,Bellibolt,https://sprites.hecatesrevenge.com/sprites/0939_.png
940,Wattrel,Paldea,Wattrel,https://sprites.hecatesrevenge.com/sprites/0940_.png
941,Kilowattrel,Paldea,Kilowattrel,https://sprites.hecatesrevenge.com/sprites/0941_.png
942,Maschiff,Paldea,Maschiff,https://sprites.hecatesrevenge.com/sprites/0942_.png
943,Mabosstiff,Paldea,Mabosstiff,https://sprites.hecatesrevenge.com/sprites/0943_.png
944,Shroodle,Paldea,Shroodle,https://sprites.hecatesrevenge.com/sprites/0944_.png
945,Grafaiai,Paldea,Grafaiai,https://sprites.hecatesrevenge.com/sprites/0945_.png
946,Bramblin,Paldea,Bramblin,https://sprites.hecatesrevenge.com/sprites/0946_.png
947,Brambleghast,Paldea,Brambleghast,https://sprites.hecatesrevenge.com/sprites/0947_.png
948,Toedscool,Paldea,Toedscool,https://sprites.hecatesrevenge.com/sprites/0948_.png
949,Toedscruel,Paldea,Toedscruel,https://sprites.hecatesrevenge.com/sprites/0949_.png
950,Klawf,Paldea,Klawf,https://sprites.hecatesrevenge.com/sprites/0950_.png
951,Capsakid,Paldea,Capsakid,https://sprites.hecatesrevenge.com/sprites/0951_.png
952,Scovillain,Paldea,Scovillain,https://sprites.hecatesrevenge.com/sprites/0952_.png
953,Rellor,Paldea,Rellor,https://sprites.hecatesrevenge.com/sprites/0953_.png
954,Rabsca,Paldea,Rabsca,https://sprites.hecatesrevenge.com/sprites/0954_.png
955,Flittle,Paldea,Flittle,https://sprites.hecatesrevenge.com/sprites/0955_.png
956,Espathra,Paldea,Espathra,https://sprites.hecatesrevenge.com/sprites/0956_.png
957,Tinkatink,Paldea,Tinkatink,https://sprites.hecatesrevenge.com/sprites/0957_.png
958,Tinkatuff,Paldea,Tinkatuff,https://sprites.hecatesrevenge.com/sprites/0958_.png
959,Tinkaton,Paldea,Tinkaton,https://sprites.hecatesrevenge.com/sprites/0959_.png
960,Wiglett,Paldea,Wiglett,https://sprites.hecatesrevenge.com/sprites/0960_.png
961,Wugtrio,Paldea,Wugtrio,https://sprites.hecatesrevenge.com/sprites/0961_.png
962,Bombirdier,Paldea,Bombirdier,https://sprites.hecatesrevenge.com/sprites/0962_.png
963,Finizen,Paldea,Finizen,https://sprites.hecatesrevenge.com/sprites/0963_.png
964,Palafin,Zero,Palafin Zero,https://sprites.hecatesrevenge.com/sprites/0964_.png
964,Palafin,Hero,Palafin Hero,https://sprites.hecatesrevenge.com/sprites/0964H.png
965,Varoom,Paldea,Varoom,https://sprites.hecatesrevenge.com/sprites/0965_.png
966,Revavroom,Paldea,Revavroom,https://sprites.hecatesrevenge.com/sprites/0966_.png
967,Cyclizar,Paldea,Cyclizar,https://sprites.hecatesrevenge.com/sprites/0967_.png
968,Orthworm,Paldea,Orthworm,https://sprites.hecatesrevenge.com/sprites/0968_.png
969,Glimmet,Paldea,Glimmet,https://sprites.hecatesrevenge.com/sprites/0969_.png
970,Glimmora,Paldea,Glimmora,https://sprites.hecatesrevenge.com/sprites/0970_.png
971,Greavard,Paldea,Greavard,https://sprites.hecatesrevenge.com/sprites/0971_.png
972,Houndstone,Paldea,Houndstone,https://sprites.hecatesrevenge.com/sprites/0972_.png
973,Flamigo,Paldea,Flamigo,https://sprites.hecatesrevenge.com/sprites/0973_.png
974,Cetoddle,Paldea,Cetoddle,https://sprites.hecatesrevenge.com/sprites/0974_.png
975,Cetitan,Paldea,Cetitan,https://sprites.hecatesrevenge.com/sprites/0975_.png
976,Veluza,Paldea,Veluza,https://sprites.hecatesrevenge.com/sprites/0976_.png
977,Dondozo,Paldea,Dondozo,https://sprites.hecatesrevenge.com/sprites/0977_.png
978,Tatsugiri,Curly,Tatsugiri Curly,https://sprites.hecatesrevenge.com/sprites/0978_.png
978,Tatsugiri,Droopy,Tatsugiri Droopy,https://sprites.hecatesrevenge.com/sprites/0978D.png
978,Tatsugiri,Stretchy,Tatsugiri Stretchy,https://sprites.hecatesrevenge.com/sprites/0978S.png
979,Annihilape,Paldea,Annihilape,https://sprites.hecatesrevenge.com/sprites/0979_.png
980,Clodsire,Paldea,Clodsire,https://sprites.hecatesrevenge.com/sprites/0980_.png
981,Farigiraf,Paldea,Farigiraf,https://sprites.hecatesrevenge.com/sprites/0981_.png
982,Dudunsparce,Two-Segment,Dudunsparce Two-Segment,https://sprites.hecatesrevenge.com/sprites/0982_.png
982,Dudunsparce,Three-Segment,Dudunsparce Three-Segment,https://sprites.hecatesrevenge.com/sprites/0982T.png
983,Kingambit,Paldea,Kingambit,https://sprites.hecatesrevenge.com/sprites/0983_.png
984,Great Tusk,Paldea,Great Tusk,https://sprites.hecatesrevenge.com/sprites/0984_.png
985,Scream Tail,Paldea,Scream Tail,https://sprites.hecatesrevenge.com/sprites/0985_.png
986,Brute Bonnet,Paldea,Brute Bonnet,https://sprites.hecatesrevenge.com/sprites/0986_.png
987,Flutter Mane,Paldea,Flutter Mane,https://sprites.hecatesrevenge.com/sprites/0987_.png
988,Slither Wing,Paldea,Slither Wing,https://sprites.hecatesrevenge.com/sprites/0988_.png
989,Sandy Shocks,Paldea,Sandy Shocks,https://sprites.hecatesrevenge.com/sprites/0989_.png
990,Iron Treads,Paldea,Iron Treads,https://sprites.hecatesrevenge.com/sprites/0990_.png
991,Iron Bundle,Paldea,Iron Bundle,https://sprites.hecatesrevenge.com/sprites/0991_.png
992,Iron Hands,Paldea,Iron Hands,https://sprites.hecatesrevenge.com/sprites/0992_.png
993,Iron Jugulis,Paldea,Iron Jugulis,https://sprites.hecatesrevenge.com/sprites/0993_.png
994,Iron Moth,Paldea,Iron Moth,https://sprites.hecatesrevenge.com/sprites/0994_.png
995,Iron Thorns,Paldea,Iron Thorns,https://sprites.hecatesrevenge.com/sprites/0995_.png
996,Frigibax,Paldea,Frigibax,https://sprites.hecatesrevenge.com/sprites/0996_.png
997,Arctibax,Paldea,Arctibax,https://sprites.hecatesrevenge.com/sprites/0997_.png
998,Baxcalibur,Paldea,Baxcalibur,https://sprites.hecatesrevenge.com/sprites/0998_.png
999,Gimmighoul,Chest,Gimmighoul Chest,https://sprites.hecatesrevenge.com/sprites/0999_.png
999,Gimmighoul,Roaming,Gimmighoul Roaming,https://sprites.hecatesrevenge.com/sprites/0999R.png
1000,Gholdengo,Paldea,Gholdengo,https://sprites.hecatesrevenge.com/sprites/1000_.png
1001,Wo-Chien,Paldea,Wo-Chien,https://sprites.hecatesrevenge.com/sprites/1001_.png
1002,Chien-Pao,Paldea,Chien-Pao,https://sprites.hecatesrevenge.com/sprites/1002_.png
1003,Ting-Lu,Paldea,Ting-Lu,https://sprites.hecatesrevenge.com/sprites/1003_.png
1004,Chi-Yu,Paldea,Chi-Yu,https://sprites.hecatesrevenge.com/sprites/1004_.png
1005,Roaring Moon,Paldea,Roaring Moon,https://sprites.hecatesrevenge.com/sprites/1005_.png
1006,Iron Valiant,Paldea,Iron Valiant,https://sprites.hecatesrevenge.com/sprites/1006_.png
1007,Koraidon,Paldea,Koraidon,https://sprites.hecatesrevenge.com/sprites/1007_.png
1008,Miraidon,Paldea,Miraidon,https://sprites.hecatesrevenge.com/sprites/1008_.png
1009,Walking Wake,Paldea,Walking Wake,https://sprites.hecatesrevenge.com/sprites/1009_.png
1010,Iron Leaves,Paldea,Iron Leaves,https://sprites.hecatesrevenge.com/sprites/1010_.png
1011,Dipplin,Paldea,Dipplin,https://sprites.hecatesrevenge.com/sprites/1011_.png
1012,Poltchageist,Paldea,Poltchageist,https://sprites.hecatesrevenge.com/sprites/1012_.png
1013,Sinistcha,Paldea,Sinistcha,https://sprites.hecatesrevenge.com/sprites/1013_.png
1014,Okidogi,Paldea,Okidogi,https://sprites.hecatesrevenge.com/sprites/1014_.png
1015,Munkidori,Paldea,Munkidori,https://sprites.hecatesrevenge.com/sprites/1015_.png
1016,Fezandipiti,Paldea,Fezandipiti,https://sprites.hecatesrevenge.com/sprites/1016_.png
1017,Ogerpon,Teal-Mask,Ogerpon,https://sprites.hecatesrevenge.com/sprites/1017_.png
1017,Ogerpon,Wellspring-Mask,Ogerpon Wellspring,https://sprites.hecatesrevenge.com/sprites/1017W.png
1017,Ogerpon,Hearthflame-Mask,Ogerpon Hearthflame,https://sprites.hecatesrevenge.com/sprites/1017H.png
1017,Ogerpon,Cornerstone-Mask,Ogerpon Cornerstone,https://sprites.hecatesrevenge.com/sprites/1017C.png
1018,Archaludon,Paldea,Archaludon,https://sprites.hecatesrevenge.com/sprites/1018_.png
1019,Hydrapple,Paldea,Hydrapple,https://sprites.hecatesrevenge.com/sprites/1019_.png
1020,Gouging Fire,Paldea,Gouging Fire,https://sprites.hecatesrevenge.com/sprites/1020_.png
1021,Raging Bolt,Paldea,Raging Bolt,https://sprites.hecatesrevenge.com/sprites/1021_.png
1022,Iron Boulder,Paldea,Iron Boulder,https://sprites.hecatesrevenge.com/sprites/1022_.png
1023,Iron Crown,Paldea,Iron Crown,https://sprites.hecatesrevenge.com/sprites/1023_.png
1024,Terapagos,Normal,Terapagos,https://sprites.hecatesrevenge.com/sprites/1024_.png
1024,Terapagos,Stellar,Terapagos Stellar,https://sprites.hecatesrevenge.com/sprites/1024S.png
1025,Pecharunt,Paldea,Pecharunt,https://sprites.hecatesrevenge.com/sprites/1025_.png
